Goal_1;70509;0.0;0.0;51249;236.06440000000003;0.28081907500446307;10;9.810838041449115E-8
Goal_2;70509;0.0;0.05544444444444444;51249;236.06440000000003;0.28081907500446307;4;0.0
Goal_3;70509;0.0;0.11088888888888888;51249;236.06440000000003;0.28081907500446307;5;0.0
Goal_4;70509;0.0;0.16633333333333333;51249;236.06440000000003;0.28081907500446307;6;6.717811046336985E-8
Goal_5;70509;0.0;0.22177777777777777;51249;236.06440000000003;0.28081907500446307;5;0.0
Goal_6;70509;0.0;0.2772222222222222;51249;236.06440000000003;0.28081907500446307;3;0.0
Goal_7;70509;0.0;0.33266666666666667;53607;1218.8804;0.3102713475229904;0;0.0
Goal_8;70509;0.0;0.3881111111111111;53607;1218.8804;0.3102713475229904;0;0.0
Goal_9;70509;0.0;0.44355555555555554;53607;1218.8804;0.3102713475229904;0;0.0
Goal_10;70509;0.0;499;53607;1218.8804;0.3102713475229904;0;0.0
Goal_11;70509;76606.66666666667;0.0;55462;76591.7726931765;0.29306208454166854;3600;0.018378526429446325
Goal_12;70509;76606.66666666667;0.05544444444444444;55525;76582.2416749554;0.29385598188018797;3600;0.01968625649792359
Goal_13;70509;76606.66666666667;0.11088888888888888;55575;76668.79412318284;0.2942976221835054;3601;0.020764402825786024
Goal_14;70509;76606.66666666667;0.16633333333333333;55487;76544.65746174041;0.2937149020799281;3600;0.023646995715192465
Goal_15;70509;76606.66666666667;0.22177777777777777;55524;76338.95091736387;0.2938089360206113;3600;0.02621053925071858
Goal_16;70509;76606.66666666667;0.2772222222222222;55513;76603.69049788782;0.29328872922833493;3600;0.0329099846987211
Goal_17;70509;76606.66666666667;0.33266666666666667;56686;76606.40806327206;0.3326638417725965;3600;0.004156880571480095
Goal_18;70509;76606.66666666667;0.3881111111111111;56985;76611.28779999999;0.38376641565048464;0;0.0
Goal_19;70509;76606.66666666667;0.44355555555555554;56985;76611.28779999999;0.38376641565048464;0;0.0
Goal_20;70509;76606.66666666667;499;56985;76611.28779999999;0.38376641565048464;0;0.0
Goal_21;70509;153213.33333333334;0.0;57405;153027.15609098205;0.29589085564236267;3600;0.03837932132812361
Goal_22;70509;153213.33333333334;0.05544444444444444;57330;153203.4121502542;0.29634534847692245;3601;0.04266418267538211
Goal_23;70509;153213.33333333334;0.11088888888888888;57361;153207.12478745123;0.2950577528203275;3600;0.041119504931870145
Goal_24;70509;153213.33333333334;0.16633333333333333;57243;153319.55057987082;0.29520320683961926;3600;0.04629017525431672
Goal_25;70509;153213.33333333334;0.22177777777777777;57324;153215.67039943673;0.29442583245125564;3600;0.04997322734133345
Goal_26;70509;153213.33333333334;0.2772222222222222;57369;153203.10737860738;0.2957786085274191;3600;0.05957448860962515
Goal_27;70509;153213.33333333334;0.33266666666666667;58556;153209.50453575363;0.3326687307547021;3600;0.01355893900257229
Goal_28;70509;153213.33333333334;0.3881111111111111;59123;153213.2195362225;0.3881100031477123;3600;0.0018298051132791258
Goal_29;70509;153213.33333333334;0.44355555555555554;59236;153212.05611554193;0.4320925211348237;0;0.0
Goal_30;70509;153213.33333333334;499;59236;153212.05611554193;0.4320925211348237;0;0.0
Goal_31;70509;229820.0;0.0;59117;229814.75643344337;0.30216826268260233;3600;0.05687194693611762
Goal_32;70509;229820.0;0.05544444444444444;59051;229361.40105380013;0.30222867683610755;3600;0.06426939008244326
Goal_33;70509;229820.0;0.11088888888888888;59066;229685.10227870513;0.302294785179613;3600;0.0661481227423738
Goal_34;70509;229820.0;0.16633333333333333;59112;229823.60043319647;0.30235261994430424;3600;0.07431162055880823
Goal_35;70509;229820.0;0.22177777777777777;59142;229793.02147214915;0.30299876780948526;3600;0.08975965508002363
Goal_36;70509;229820.0;0.2772222222222222;59063;228309.21765902571;0.30378438782533396;3600;0.1190118901434028
Goal_37;70509;229820.0;0.33266666666666667;60197;229803.74027404646;0.33267100024795826;3600;0.021404504720064284
Goal_38;70509;229820.0;0.3881111111111111;60905;229825.71103202683;0.3881116278833674;3600;0.004334586302301726
Goal_39;70509;229820.0;0.44355555555555554;61167;229820.9013155419;0.44355526758954994;3600;5.509436487461308E-6
Goal_40;70509;229820.0;499;61182;229791.0088155419;0.45388111857470687;0;0.0
Goal_41;70509;306426.6666666667;0.0;60131;275438.7827766504;0.30927734861367406;3600;0.08837296877952026
Goal_42;70509;306426.6666666667;0.05544444444444444;59636;259919.76599141498;0.30780181301294424;3600;0.0967382262303432
Goal_43;70509;306426.6666666667;0.11088888888888888;60261;304701.13339292695;0.3105438728355273;3600;0.09415983316970059
Goal_44;70509;306426.6666666667;0.16633333333333333;60279;284492.42996491824;0.31235185154809925;3600;0.10884590100334435
Goal_45;70509;306426.6666666667;0.22177777777777777;60501;288442.05858852563;0.31379728452718025;3600;0.12492360891524901
Goal_46;70509;306426.6666666667;0.2772222222222222;60440;302687.35540089535;0.31405612565297764;3600;0.16184974848364317
Goal_47;70509;306426.6666666667;0.33266666666666667;61563;306234.8550478448;0.33268912816161744;3600;0.04971423901257719
Goal_48;70509;306426.6666666667;0.3881111111111111;62538;306426.0008325799;0.38811060483409365;3600;0.007633997168068594
Goal_49;70509;306426.6666666667;0.44355555555555554;62885;306428.93116026645;0.44355560139776234;3600;5.578648368350912E-4
Goal_50;70509;306426.6666666667;499;62927;306415.3979155419;0.4671150192063994;0;0.0
Goal_51;70509;383033.3333333334;0.0;60479;302323.0554580921;0.31278791181072274;3601;0.08499175997163153
Goal_52;70509;383033.3333333334;0.05544444444444444;60519;296265.39649302425;0.3145143539492938;3600;0.09447094665768796
Goal_53;70509;383033.3333333334;0.11088888888888888;60532;291449.77739730227;0.31399859452738615;3600;0.09843103081206986
Goal_54;70509;383033.3333333334;0.16633333333333333;60498;298157.31152523676;0.31389779171471827;3600;0.11087492665025978
Goal_55;70509;383033.3333333334;0.22177777777777777;60284;288442.4693625301;0.31186715066731896;3600;0.14147720043944548
Goal_56;70509;383033.3333333334;0.2772222222222222;60191;285047.65164442087;0.3113883921193866;3600;0.18494327820587697
Goal_57;70509;383033.3333333334;0.33266666666666667;62203;367407.6439467024;0.3327220408572276;3600;0.1357001018380339
Goal_58;70509;383033.3333333334;0.3881111111111111;64065;383028.63195108325;0.3881072620838077;3600;0.01336216576930175
Goal_59;70509;383033.3333333334;0.44355555555555554;64505;383035.10819964996;0.44355599904444487;3600;0.0020316673056937147
Goal_60;70509;383033.3333333334;499;64598;382997.3078155418;0.4797062045119191;0;0.0
Goal_61;70509;459640.0;0.0;60841;323641.64858252223;0.3159739906099744;3600;0.0864176552764676
Goal_62;70509;459640.0;0.05544444444444444;60347;296097.23147159704;0.31249924243760346;3600;0.08751681518011614
Goal_63;70509;459640.0;0.11088888888888888;60675;305939.55273198517;0.31575716660869996;3600;0.10867724868991059
Goal_64;70509;459640.0;0.16633333333333333;60704;317605.82091036375;0.31542371381813605;3600;0.09691434218731557
Goal_65;70509;459640.0;0.22177777777777777;60604;301373.40147408907;0.3154621170984465;3600;0.13737237704621705
Goal_66;70509;459640.0;0.2772222222222222;60612;292171.79750173545;0.31520468465437484;3602;0.17957509682200806
Goal_67;70509;459640.0;0.33266666666666667;62212;362829.90066033363;0.3326737779830275;3600;0.1808428713702386
Goal_68;70509;459640.0;0.3881111111111111;65438;459623.36198620545;0.3880980648314363;3600;0.036405385415670746
Goal_69;70509;459640.0;0.44355555555555554;66043;459637.0925868513;0.44354228247483984;3600;0.006269592476488918
Goal_70;70509;459640.0;499;66193;459615.3968167095;0.4867421066580931;0;0.0
Goal_71;70509;536246.6666666667;0.0;60614;295009.87547692866;0.3145463622665051;3600;0.08702457414726657
Goal_72;70509;536246.6666666667;0.05544444444444444;60568;309056.86032260087;0.31480503096044476;3600;0.08985813443697171
Goal_73;70509;536246.6666666667;0.11088888888888888;60661;315484.024980607;0.3159311951387394;3600;0.10414954187819357
Goal_74;70509;536246.6666666667;0.16633333333333333;60742;304064.9427873772;0.3156808369249141;3600;0.09613216379089135
Goal_75;70509;536246.6666666667;0.22177777777777777;60893;313357.25292112195;0.3177957431616156;3600;0.15285113890230323
Goal_76;70509;536246.6666666667;0.2772222222222222;60517;306042.02479035506;0.3142328021802711;3600;0.17785313391350696
Goal_77;70509;536246.6666666667;0.33266666666666667;62204;368038.99338499486;0.33266978257033003;3600;0.18850777938989033
Goal_78;70509;536246.6666666667;0.3881111111111111;66072;535589.6709742673;0.38811006366809675;3600;0.170544648969233
Goal_79;70509;536246.6666666667;0.44355555555555554;67489;536240.5378789364;0.44353882694791463;3600;0.016872399914731252
Goal_80;70509;536246.6666666667;499;67717;536206.4774001039;0.49235611171120064;0;0.0
Goal_81;70509;612853.3333333334;0.0;60108;278012.79302940634;0.309147533737462;3600;0.07748964276511419
Goal_82;70509;612853.3333333334;0.05544444444444444;60816;328087.6155530357;0.3165373989689471;3600;0.10107992347528127
Goal_83;70509;612853.3333333334;0.11088888888888888;60578;307085.3603484906;0.31435563693380186;3601;0.09217285532153299
Goal_84;70509;612853.3333333334;0.16633333333333333;60573;301576.4291788637;0.3140348793941626;3601;0.10115140239910012
Goal_85;70509;612853.3333333334;0.22177777777777777;60732;312790.22878820443;0.3160586584083388;3600;0.13514155149836307
Goal_86;70509;612853.3333333334;0.2772222222222222;60143;279615.9267531311;0.3116476398554891;3600;0.18127752553005078
Goal_87;70509;612853.3333333334;0.33266666666666667;62213;376430.0153961014;0.33281017403160906;3600;0.18334024012321026
Goal_88;70509;612853.3333333334;0.3881111111111111;66105;567580.9917289672;0.3881133258175512;3600;0.16447018018810763
Goal_89;70509;612853.3333333334;0.44355555555555554;68743;612823.5458453349;0.4435408992389177;3600;0.06546555808299898
Goal_90;70509;612853.3333333334;499;69193;612849.2913521371;0.49702727033641164;0;0.0
Goal_91;70509;689460.0;0.0;60746;315615.02218767034;0.31491728747222253;3600;0.07976880795748978
Goal_92;70509;689460.0;0.05544444444444444;60727;312528.4139662151;0.3160244118270312;3600;0.0901047310728631
Goal_93;70509;689460.0;0.11088888888888888;60194;279812.4296795551;0.3112731128345614;3600;0.09203499992205912
Goal_94;70509;689460.0;0.16633333333333333;59450;248828.8156246305;0.30513652741193403;3600;0.10453246856487201
Goal_95;70509;689460.0;0.22177777777777777;60311;304134.02495187195;0.31222565128585716;3600;0.12911528768115763
Goal_96;70509;689460.0;0.2772222222222222;60511;296453.940655051;0.3140450499818789;3600;0.18666638883218464
Goal_97;70509;689460.0;0.33266666666666667;62200;389323.51346292417;0.33267510693806457;3600;0.19168048920668213
Goal_98;70509;689460.0;0.3881111111111111;66092;547566.7582268176;0.38812938741757735;3600;0.17761875299047084
Goal_99;70509;689460.0;0.44355555555555554;68845;654532.2181602307;0.44355584810537235;3600;0.16264281162940292
Goal_100;70509;689460.0;499;70509;689454.4627961102;0.49895081681725745;0;0.0
Goal_101;64036;0.0;0.0;51249;236.06440000000003;0.28081907500446307;9;1.424764689374181E-7
Goal_102;64036;0.0;0.05544444444444444;51249;236.06440000000003;0.28081907500446307;4;0.0
Goal_103;64036;0.0;0.11088888888888888;51249;236.06440000000003;0.28081907500446307;4;0.0
Goal_104;64036;0.0;0.16633333333333333;51249;236.06440000000003;0.28081907500446307;5;0.0
Goal_105;64036;0.0;0.22177777777777777;51249;236.06440000000003;0.28081907500446307;4;3.029717709685703E-16
Goal_106;64036;0.0;0.2772222222222222;51249;236.06440000000003;0.28081907500446307;3;0.0
Goal_107;64036;0.0;0.33266666666666667;53607;1218.8804;0.3102713475229904;0;0.0
Goal_108;64036;0.0;0.3881111111111111;53607;1218.8804;0.3102713475229904;0;0.0
Goal_109;64036;0.0;0.44355555555555554;53607;1218.8804;0.3102713475229904;0;0.0
Goal_110;64036;0.0;499;53607;1218.8804;0.3102713475229904;0;0.0
Goal_111;64036;76606.66666666667;0.0;55601;76538.25465628161;0.29456768618205253;3600;0.02756076551965425
Goal_112;64036;76606.66666666667;0.05544444444444444;55524;76603.89190565061;0.29398397120089886;3600;0.026472676915663174
Goal_113;64036;76606.66666666667;0.11088888888888888;55494;76480.71125090054;0.29340984959792926;3600;0.024395145568540475
Goal_114;64036;76606.66666666667;0.16633333333333333;55612;76598.52794841923;0.2947488021902427;3600;0.0350422228649496
Goal_115;64036;76606.66666666667;0.22177777777777777;55471;76391.20208842552;0.2933678654940701;3600;0.037474635140462134
Goal_116;64036;76606.66666666667;0.2772222222222222;55497;76614.41406303385;0.293758523008413;3600;0.06185152494616459
Goal_117;64036;76606.66666666667;0.33266666666666667;56685;76603.06083842783;0.332651920413018;3600;0.00794935697805815
Goal_118;64036;76606.66666666667;0.3881111111111111;56985;76611.28779999999;0.38376641565048464;0;0.0
Goal_119;64036;76606.66666666667;0.44355555555555554;56985;76611.28779999999;0.38376641565048464;0;0.0
Goal_120;64036;76606.66666666667;499;56985;76611.28779999999;0.38376641565048464;0;0.0
Goal_121;64036;153213.33333333334;0.0;57356;153075.2569066558;0.2954376476614778;3600;0.045925545898323206
Goal_122;64036;153213.33333333334;0.05544444444444444;57341;153172.63701384256;0.2949849403195354;3600;0.0482123891877039
Goal_123;64036;153213.33333333334;0.11088888888888888;57340;153214.9983451124;0.29518315242388604;3601;0.05523569760044198
Goal_124;64036;153213.33333333334;0.16633333333333333;57360;153028.11172782528;0.29568728018162815;3600;0.0619016563408214
Goal_125;64036;153213.33333333334;0.22177777777777777;57351;153163.80024843602;0.2963621900658972;3600;0.0833485754643472
Goal_126;64036;153213.33333333334;0.2772222222222222;57359;153191.15682282462;0.29540994119948416;3600;0.11525436417156011
Goal_127;64036;153213.33333333334;0.33266666666666667;58559;153209.7653729786;0.33263696987179914;3600;0.0273416305970036
Goal_128;64036;153213.33333333334;0.3881111111111111;59123;153213.2960375769;0.3881096411131328;3600;0.0036637492367189257
Goal_129;64036;153213.33333333334;0.44355555555555554;59236;153212.05611554193;0.4320925211348237;0;0.0
Goal_130;64036;153213.33333333334;499;59236;153212.05611554193;0.4320925211348237;0;0.0
Goal_131;64036;229820.0;0.0;59102;229815.86821154217;0.3019351944247988;3600;0.07391792125192209
Goal_132;64036;229820.0;0.05544444444444444;59057;229810.82123266184;0.30141341762003965;3600;0.07745231670083633
Goal_133;64036;229820.0;0.11088888888888888;59117;229150.90051176096;0.30292745975959495;3600;0.08662322551270848
Goal_134;64036;229820.0;0.16633333333333333;59120;229738.0483615278;0.30333016790903466;3600;0.10640763761407945
Goal_135;64036;229820.0;0.22177777777777777;59139;229769.64642787247;0.3026374094565386;3600;0.13140800054207524
Goal_136;64036;229820.0;0.2772222222222222;59096;229814.4954613091;0.3028812829884259;3600;0.19853456201104272
Goal_137;64036;229820.0;0.33266666666666667;60196;229814.96223379424;0.3326542958079936;3600;0.05550889380525097
Goal_138;64036;229820.0;0.3881111111111111;60905;229818.87691657536;0.3880795801364007;3600;0.012775471095496692
Goal_139;64036;229820.0;0.44355555555555554;61167;229820.46441554188;0.4435554221024907;3600;1.0135210499411977E-5
Goal_140;64036;229820.0;499;61182;229791.0088155419;0.45388111857470687;0;0.0
Goal_141;64036;306426.6666666667;0.0;60499;291186.3218078319;0.31273295149976416;3600;0.11662646201379469
Goal_142;64036;306426.6666666667;0.05544444444444444;60170;276534.58354910667;0.3107295502686292;3600;0.12458074576142039
Goal_143;64036;306426.6666666667;0.11088888888888888;60802;300558.2486125281;0.3168267513392619;3600;0.1351115971310941
Goal_144;64036;306426.6666666667;0.16633333333333333;60235;279053.86761230364;0.3114490704123289;3600;0.14791658284248002
Goal_145;64036;306426.6666666667;0.22177777777777777;60367;285000.3835374515;0.31321702065921364;3602;0.19396644464366788
Goal_146;64036;306426.6666666667;0.2772222222222222;60207;279764.03371313494;0.31168447299481344;3600;0.3055537223643874
Goal_147;64036;306426.6666666667;0.33266666666666667;61568;306024.7287778948;0.3328119933932327;3600;0.1778935806815
Goal_148;64036;306426.6666666667;0.3881111111111111;62538;306403.9161218711;0.3881087349443706;3600;0.044766319529630456
Goal_149;64036;306426.6666666667;0.44355555555555554;62885;306432.6956630452;0.4435555517183054;3600;0.0040587812208560045
Goal_150;64036;306426.6666666667;499;62927;306415.3979155419;0.4671150192063994;0;0.0
Goal_151;64036;383033.3333333334;0.0;60615;305981.22870926856;0.3138648265356234;3602;0.11125618054435582
Goal_152;64036;383033.3333333334;0.05544444444444444;60428;299107.96155874437;0.31314428150184864;3600;0.11755859189230439
Goal_153;64036;383033.3333333334;0.11088888888888888;60561;292700.6773688221;0.31416639056383194;3600;0.1352149554493275
Goal_154;64036;383033.3333333334;0.16633333333333333;60488;304442.6723967699;0.31361713517332723;3600;0.16255238533173258
Goal_155;64036;383033.3333333334;0.22177777777777777;60144;289172.80360345315;0.3109858372702918;3600;0.20821115867153958
Goal_156;64036;383033.3333333334;0.2772222222222222;60801;301629.30454081594;0.3165065423828374;3600;0.33667349812633973
Goal_157;64036;383033.3333333334;0.33266666666666667;62223;381589.53522493236;0.3327662814525117;3600;0.5935779972695089
Goal_158;64036;383033.3333333334;0.3881111111111111;64036;383032.20392192446;0.38794315061565654;1995;0.0
Goal_159;64036;383033.3333333334;0.44355555555555554;64036;383020.27202622633;0.44343082102783343;1;0.0
Goal_160;64036;383033.3333333334;499;64036;383031.57441271574;0.469000213613651;0;0.0
Goal_161;64036;459640.0;0.0;60652;295823.6998049168;0.3140292753131218;3600;0.10735437297020864
Goal_162;64036;459640.0;0.05544444444444444;60835;317318.07381823653;0.31769078388550787;3602;0.12066716347045893
Goal_163;64036;459640.0;0.11088888888888888;60597;300862.7035826146;0.3154084339008784;3600;0.13317979797683738
Goal_164;64036;459640.0;0.16633333333333333;60672;309161.36880623084;0.31532142109714184;3600;0.15657782718876986
Goal_165;64036;459640.0;0.22177777777777777;60399;291731.09187526064;0.31409578072764505;3600;0.2152183270853533
Goal_166;64036;459640.0;0.2772222222222222;60416;285529.73712245974;0.3134220339464677;3600;0.337675610662759
Goal_167;64036;459640.0;0.33266666666666667;62222;370049.4741494174;0.3326758812088787;3600;0.8156593028567626
Goal_168;64036;459640.0;0.3881111111111111;64172;452899.38345909084;0.38810426360023487;21;0.0
Goal_169;64036;459640.0;0.44355555555555554;64040;402004.77583280223;0.4435390315105041;1;0.0
Goal_170;64036;459640.0;499;64036;400495.41232325265;0.461743162142704;0;0.0
Goal_171;64036;536246.6666666667;0.0;60592;304406.91277721256;0.3136713516135157;3600;0.10402836434212386
Goal_172;64036;536246.6666666667;0.05544444444444444;60315;286450.8661109597;0.3122042166872112;3600;0.10660368793129202
Goal_173;64036;536246.6666666667;0.11088888888888888;60371;283669.3707162569;0.3128500722079583;3600;0.12191459184214544
Goal_174;64036;536246.6666666667;0.16633333333333333;60211;281641.5803481702;0.31135676368792725;3601;0.17246309512377261
Goal_175;64036;536246.6666666667;0.22177777777777777;60622;303946.994776048;0.31563843606695646;3600;0.2308128934576564
Goal_176;64036;536246.6666666667;0.2772222222222222;60807;314226.50493164966;0.3164862265759474;3600;0.32698708332280335
Goal_177;64036;536246.6666666667;0.33266666666666667;62266;363810.67674018117;0.33281123560436837;3600;0.8289321780858036
Goal_178;64036;536246.6666666667;0.3881111111111111;64048;463271.04139725515;0.38624632529231867;16;0.0
Goal_179;64036;536246.6666666667;0.44355555555555554;65290;533487.7456870996;0.44353192697052135;1;0.0
Goal_180;64036;536246.6666666667;499;64036;473329.64442325255;0.4788850061385172;0;0.0
Goal_181;64036;612853.3333333334;0.0;60447;296757.7921887585;0.3121807005454256;3600;0.1102439093235251
Goal_182;64036;612853.3333333334;0.05544444444444444;60801;326312.65933411225;0.3167318660365414;3600;0.12210877616393936
Goal_183;64036;612853.3333333334;0.11088888888888888;60660;301452.03748544154;0.3153923890752732;3600;0.12707970363718524
Goal_184;64036;612853.3333333334;0.16633333333333333;60454;295234.05967232987;0.31404249882161533;3600;0.149613477510663
Goal_185;64036;612853.3333333334;0.22177777777777777;60140;293820.0723205559;0.31126815192329726;3600;0.22558817576536203
Goal_186;64036;612853.3333333334;0.2772222222222222;60592;314519.6711064274;0.31424325433334993;3604;0.33480055607406217
Goal_187;64036;612853.3333333334;0.33266666666666667;62282;369963.17037324625;0.33267440101291296;3600;0.7574097365380784
Goal_188;64036;612853.3333333334;0.3881111111111111;64036;443196.40088573063;0.38794526472381646;26;0.0
Goal_189;64036;612853.3333333334;0.44355555555555554;66019;577478.1029497094;0.4427315680753854;7;0.0
Goal_190;64036;612853.3333333334;499;64036;473329.64442325255;0.4788850061385172;0;0.0
Goal_191;64036;689460.0;0.0;60272;292505.3849337686;0.31223236317695197;3600;0.11391565923105437
Goal_192;64036;689460.0;0.05544444444444444;60370;293461.07750493154;0.31225686719617063;3600;0.12353718468855249
Goal_193;64036;689460.0;0.11088888888888888;60485;307956.59895760927;0.3142916165963593;3600;0.13223259662482797
Goal_194;64036;689460.0;0.16633333333333333;60109;293550.0182696672;0.31139748082174024;3600;0.16083300840530387
Goal_195;64036;689460.0;0.22177777777777777;60598;302860.1192813152;0.3149079096306894;3600;0.2028264296619527
Goal_196;64036;689460.0;0.2772222222222222;59589;262912.85737615876;0.306400245009116;3600;0.2795657243578127
Goal_197;64036;689460.0;0.33266666666666667;62197;359115.4088390816;0.3326876177838305;3600;0.8074988528625385
Goal_198;64036;689460.0;0.3881111111111111;64074;481933.52602827846;0.38773344102073487;17;0.0
Goal_199;64036;689460.0;0.44355555555555554;64067;410763.2326222653;0.44176597417856667;1;0.0
Goal_200;64036;689460.0;499;64036;473329.64442325255;0.4788850061385172;0;0.0
Goal_201;57563;0.0;0.0;51249;236.06440000000003;0.28081907500446307;5;9.084629579617271E-8
Goal_202;57563;0.0;0.05544444444444444;51249;236.06440000000003;0.28081907500446307;4;0.0
Goal_203;57563;0.0;0.11088888888888888;51249;236.06440000000003;0.28081907500446307;4;0.0
Goal_204;57563;0.0;0.16633333333333333;51249;236.06440000000003;0.28081907500446307;5;1.2076333805371935E-7
Goal_205;57563;0.0;0.22177777777777777;51249;236.06440000000003;0.28081907500446307;4;0.0
Goal_206;57563;0.0;0.2772222222222222;51249;236.06440000000003;0.28081907500446307;4;0.0
Goal_207;57563;0.0;0.33266666666666667;53607;1218.8804;0.3102713475229904;0;0.0
Goal_208;57563;0.0;0.3881111111111111;53607;1218.8804;0.3102713475229904;0;0.0
Goal_209;57563;0.0;0.44355555555555554;53607;1218.8804;0.3102713475229904;0;0.0
Goal_210;57563;0.0;499;53607;1218.8804;0.3102713475229904;0;0.0
Goal_211;57563;76606.66666666667;0.0;55470;76599.16598346028;0.29304201134627994;3600;0.02881044666620296
Goal_212;57563;76606.66666666667;0.05544444444444444;55509;76596.26730720962;0.2936808648640208;3600;0.03431003604272348
Goal_213;57563;76606.66666666667;0.11088888888888888;55543;76592.70515314271;0.29385095607606326;3600;0.0345007062480986
Goal_214;57563;76606.66666666667;0.16633333333333333;55495;76582.69179357111;0.29345184900384846;3600;0.045816886175420186
Goal_215;57563;76606.66666666667;0.22177777777777777;55548;76619.36503822943;0.29392384304373476;3600;0.06988742764294023
Goal_216;57563;76606.66666666667;0.2772222222222222;55530;76721.56181293653;0.29365050538706766;3600;0.1550883376557516
Goal_217;57563;76606.66666666667;0.33266666666666667;56685;76601.73248002741;0.3326635422716849;3601;0.06320055648472347
Goal_218;57563;76606.66666666667;0.3881111111111111;56985;76611.28779999999;0.38376641565048464;0;0.0
Goal_219;57563;76606.66666666667;0.44355555555555554;56985;76611.28779999999;0.38376641565048464;0;0.0
Goal_220;57563;76606.66666666667;499;56985;76611.28779999999;0.38376641565048464;0;0.0
Goal_221;57563;153213.33333333334;0.0;57295;153118.07606594276;0.2943976946322522;3600;0.05992991688114702
Goal_222;57563;153213.33333333334;0.05544444444444444;57378;153207.39971057346;0.29568213894631057;3600;0.07391345142076952
Goal_223;57563;153213.33333333334;0.11088888888888888;57323;153196.48997763873;0.29495682352723807;3600;0.07127025182326802
Goal_224;57563;153213.33333333334;0.16633333333333333;57385;153214.06458125197;0.29547400405752006;3600;0.09042926413980937
Goal_225;57563;153213.33333333334;0.22177777777777777;57280;153185.97481945815;0.2953077140167839;3600;0.13622711056278308
Goal_226;57563;153213.33333333334;0.2772222222222222;57356;153190.6046190467;0.2954271809913863;3600;0.46196962895482285
Goal_227;57563;153213.33333333334;0.33266666666666667;57564;152849.87690398472;0.3317890915679831;7;0.0
Goal_228;57563;153213.33333333334;0.3881111111111111;57563;140009.23139999996;0.3874569652442769;0;0.0
Goal_229;57563;153213.33333333334;0.44355555555555554;57563;135422.01609999998;0.3909495700633331;0;0.0
Goal_230;57563;153213.33333333334;499;57563;135422.01609999998;0.3909495700633331;0;0.0
Goal_231;57563;229820.0;0.0;57561;211546.84958183585;0.29519441018331627;3600;0.10988175249874807
Goal_232;57563;229820.0;0.05544444444444444;57560;227211.5406146259;0.29343954272462736;3600;0.0942472497775627
Goal_233;57563;229820.0;0.11088888888888888;57549;212318.9465804191;0.2952800252185347;3600;0.1302018432738327
Goal_234;57563;229820.0;0.16633333333333333;57563;226546.4179409466;0.29457322507667855;3600;0.13690338186886566
Goal_235;57563;229820.0;0.22177777777777777;57530;215955.0068223437;0.2944025094606777;3600;0.22583570898490207
Goal_236;57563;229820.0;0.2772222222222222;57563;224426.8164358176;0.2946329335484045;3600;1.0
Goal_237;57563;229820.0;0.33266666666666667;57594;160246.45869497705;0.3321456243355257;25;0.0
Goal_238;57563;229820.0;0.3881111111111111;57563;140009.23139999996;0.3874569652442769;0;0.0
Goal_239;57563;229820.0;0.44355555555555554;57563;135422.01609999998;0.3909495700633331;0;0.0
Goal_240;57563;229820.0;499;57563;135422.01609999998;0.3909495700633331;0;0.0
Goal_241;57563;306426.6666666667;0.0;57563;225361.21578840655;0.2934254984973046;3600;0.12334999626458619
Goal_242;57563;306426.6666666667;0.05544444444444444;57407;278319.1422200322;0.2935882343762547;3600;0.13434753838135807
Goal_243;57563;306426.6666666667;0.11088888888888888;57563;287444.7776405175;0.29409014526207533;3600;0.14410064817884663
Goal_244;57563;306426.6666666667;0.16633333333333333;57549;248613.5543646355;0.29502068560238953;3600;0.17938996721460493
Goal_245;57563;306426.6666666667;0.22177777777777777;57558;299036.9792258896;0.29512840851105343;3600;0.3044655390217649
Goal_246;57563;306426.6666666667;0.2772222222222222;57552;230705.2996234787;0.2956215321346293;3600;1.0
Goal_247;57563;306426.6666666667;0.33266666666666667;57703;283467.45718440984;0.33266438707820234;24;0.0
Goal_248;57563;306426.6666666667;0.3881111111111111;57563;140009.23139999996;0.3874569652442769;0;0.0
Goal_249;57563;306426.6666666667;0.44355555555555554;57563;135422.01609999998;0.3909495700633331;0;0.0
Goal_250;57563;306426.6666666667;499;57563;135422.01609999998;0.3909495700633331;0;0.0
Goal_251;57563;383033.3333333334;0.0;57564;246301.6744541927;0.29254783341861823;3600;0.08921452627185121
Goal_252;57563;383033.3333333334;0.05544444444444444;57562;248083.60170141232;0.2930313198503825;3600;0.09963297705241297
Goal_253;57563;383033.3333333334;0.11088888888888888;57569;248162.37024294306;0.2929379289196204;3600;0.10867776641968391
Goal_254;57563;383033.3333333334;0.16633333333333333;57405;282526.00156880106;0.2940779955629105;3600;0.19598890689108106
Goal_255;57563;383033.3333333334;0.22177777777777777;57563;297025.58661103435;0.29519414285843754;3600;0.30109551982496396
Goal_256;57563;383033.3333333334;0.2772222222222222;57558;228294.90839799156;0.2981013455908457;3600;1.0
Goal_257;57563;383033.3333333334;0.33266666666666667;57563;168479.1599299789;0.331356920066424;29;0.0
Goal_258;57563;383033.3333333334;0.3881111111111111;57563;140009.23139999996;0.3874569652442769;0;0.0
Goal_259;57563;383033.3333333334;0.44355555555555554;57563;135422.01609999998;0.3909495700633331;0;0.0
Goal_260;57563;383033.3333333334;499;57563;135422.01609999998;0.3909495700633331;0;0.0
Goal_261;57563;459640.0;0.0;57563;228657.8033510847;0.29324909044760256;3600;0.11343889424774345
Goal_262;57563;459640.0;0.05544444444444444;57556;252751.16240610502;0.2939342421982156;3600;0.10578921225026662
Goal_263;57563;459640.0;0.11088888888888888;57560;299064.2041489223;0.2952646759591044;3600;0.11552913419181719
Goal_264;57563;459640.0;0.16633333333333333;57458;279551.847849732;0.29376351076900475;3600;0.1907040365638909
Goal_265;57563;459640.0;0.22177777777777777;57526;283221.9043451687;0.2947169470262254;3600;0.300963199469177
Goal_266;57563;459640.0;0.2772222222222222;57364;273293.22441663983;0.29583393470456104;3600;1.0
Goal_267;57563;459640.0;0.33266666666666667;57572;173918.12293405813;0.33257709905564353;24;0.0
Goal_268;57563;459640.0;0.3881111111111111;57563;140009.23139999996;0.3874569652442769;0;0.0
Goal_269;57563;459640.0;0.44355555555555554;57563;135422.01609999998;0.3909495700633331;0;0.0
Goal_270;57563;459640.0;499;57563;135422.01609999998;0.3909495700633331;0;0.0
Goal_271;57563;536246.6666666667;0.0;57564;286412.4972427337;0.29417143284986924;3600;0.10193248905918768
Goal_272;57563;536246.6666666667;0.05544444444444444;57563;296961.3886741709;0.29486299720480186;3600;0.14157444519382362
Goal_273;57563;536246.6666666667;0.11088888888888888;57563;286944.71485039755;0.2950421346710308;3600;0.15243764468019128
Goal_274;57563;536246.6666666667;0.16633333333333333;57446;292295.5641931107;0.2931910517694634;3600;0.18337901530413978
Goal_275;57563;536246.6666666667;0.22177777777777777;57563;300590.4787558588;0.29531083803890856;3600;0.3083835056740441
Goal_276;57563;536246.6666666667;0.2772222222222222;57563;286581.8190441217;0.29706687231980866;3600;1.0
Goal_277;57563;536246.6666666667;0.33266666666666667;57563;145486.84269636043;0.3293608627687481;19;0.0
Goal_278;57563;536246.6666666667;0.3881111111111111;57563;140009.23139999996;0.3874569652442769;0;0.0
Goal_279;57563;536246.6666666667;0.44355555555555554;57563;135422.01609999998;0.3909495700633331;0;0.0
Goal_280;57563;536246.6666666667;499;57563;135422.01609999998;0.3909495700633331;0;0.0
Goal_281;57563;612853.3333333334;0.0;57562;245651.22929775398;0.2945114148401119;3600;0.09701944344934889
Goal_282;57563;612853.3333333334;0.05544444444444444;57549;297777.0254562465;0.2946517506748689;3600;0.10658898764383964
Goal_283;57563;612853.3333333334;0.11088888888888888;57441;242880.09418420264;0.29289871338729434;3600;0.12055321901239802
Goal_284;57563;612853.3333333334;0.16633333333333333;57563;297373.79011297587;0.2946571038126248;3600;0.19204541017850457
Goal_285;57563;612853.3333333334;0.22177777777777777;57563;298376.7009147795;0.2956431250190654;3600;0.32456720717555865
Goal_286;57563;612853.3333333334;0.2772222222222222;57561;286568.5199702297;0.2951823531077037;3600;1.0
Goal_287;57563;612853.3333333334;0.33266666666666667;57563;140953.42284804414;0.3326007136150879;29;0.0
Goal_288;57563;612853.3333333334;0.3881111111111111;57563;140009.23139999996;0.3874569652442769;0;0.0
Goal_289;57563;612853.3333333334;0.44355555555555554;57563;135422.01609999998;0.3909495700633331;0;0.0
Goal_290;57563;612853.3333333334;499;57563;135422.01609999998;0.3909495700633331;0;0.0
Goal_291;57563;689460.0;0.0;57523;281702.00141490524;0.2934410811553667;3600;0.1280010793393329
Goal_292;57563;689460.0;0.05544444444444444;57544;292840.00197868835;0.29566455056785457;3600;0.13900405136859792
Goal_293;57563;689460.0;0.11088888888888888;57519;294800.19041627296;0.2941994251592029;3600;0.15647385936285937
Goal_294;57563;689460.0;0.16633333333333333;57490;282503.4069888208;0.2937749207535137;3600;0.18340479264714776
Goal_295;57563;689460.0;0.22177777777777777;57560;299496.4529827805;0.2947988922611867;3602;0.23028736662832291
Goal_296;57563;689460.0;0.2772222222222222;57563;283108.4175988294;0.29561207799544637;3600;1.0
Goal_297;57563;689460.0;0.33266666666666667;57563;162643.419340467;0.3320833953182799;22;0.0
Goal_298;57563;689460.0;0.3881111111111111;57563;140009.23139999996;0.3874569652442769;0;0.0
Goal_299;57563;689460.0;0.44355555555555554;57563;135422.01609999998;0.3909495700633331;0;0.0
Goal_300;57563;689460.0;499;57563;135422.01609999998;0.3909495700633331;0;0.0
Goal_301;51090;0.0;0.0;50022;195.83120000000002;0.2699546313678383;8;2.29733286882448E-7
Goal_302;51090;0.0;0.05544444444444444;50023;199.2076;0.2699606660724196;3;0.0
Goal_303;51090;0.0;0.11088888888888888;50021;192.4548;0.26994879955537204;5;0.0
Goal_304;51090;0.0;0.16633333333333333;50023;199.2076;0.2699606660724196;4;0.0
Goal_305;51090;0.0;0.22177777777777777;50022;195.83120000000002;0.2699546313678383;5;0.0
Goal_306;51090;0.0;0.2772222222222222;51200;43.89320000000001;0.2807889515047844;4;0.0
Goal_307;51090;0.0;0.33266666666666667;51187;0.0;0.28085210497759894;0;0.0
Goal_308;51090;0.0;0.3881111111111111;51187;0.0;0.28085210497759894;0;0.0
Goal_309;51090;0.0;0.44355555555555554;51187;0.0;0.28085210497759894;0;0.0
Goal_310;51090;0.0;499;51187;0.0;0.28085210497759894;0;0.0
Goal_311;51090;76606.66666666667;0.0;50638;76584.42151522715;0.2552512736674308;3600;0.04336993155297335
Goal_312;51090;76606.66666666667;0.05544444444444444;50655;76605.80070374665;0.255576015939126;3600;0.04585556725997249
Goal_313;51090;76606.66666666667;0.11088888888888888;50649;76599.74689997498;0.25593138898675843;3600;0.06002896101298063
Goal_314;51090;76606.66666666667;0.16633333333333333;50684;76605.97247553285;0.25606777672417513;3600;0.08252469501154937
Goal_315;51090;76606.66666666667;0.22177777777777777;50641;76596.62208443996;0.25541448280567236;3600;0.1764913355416092
Goal_316;51090;76606.66666666667;0.2772222222222222;51128;41166.98219999999;0.27629581136552833;17;0.0
Goal_317;51090;76606.66666666667;0.33266666666666667;51912;30196.666299999997;0.31646047023240576;0;0.0
Goal_318;51090;76606.66666666667;0.3881111111111111;51090;31214.104399999997;0.31824832257828767;0;0.0
Goal_319;51090;76606.66666666667;0.44355555555555554;52994;61993.895619999006;0.3558358438558578;0;0.0
Goal_320;51090;76606.66666666667;499;51441;12300.8976;0.31646047023240576;0;0.0
Goal_321;51090;153213.33333333334;0.0;50713;153178.31542564984;0.25316769488627683;3600;0.10862485706495795
Goal_322;51090;153213.33333333334;0.05544444444444444;51172;106747.25028454445;0.25599232914475367;3600;0.10147392110577777
Goal_323;51090;153213.33333333334;0.11088888888888888;50736;153169.2037005691;0.25336115707074874;3600;0.11942220754731821
Goal_324;51090;153213.33333333334;0.16633333333333333;50716;153174.62198673465;0.2521273682671802;3600;0.15244545235979656
Goal_325;51090;153213.33333333334;0.22177777777777777;51091;105716.4499760671;0.25639052630414166;3600;0.4152421263527359
Goal_326;51090;153213.33333333334;0.2772222222222222;51930;28019.904291476825;0.27720675833499686;6;0.0
Goal_327;51090;153213.33333333334;0.33266666666666667;51912;30196.666299999997;0.31646047023240576;0;0.0
Goal_328;51090;153213.33333333334;0.3881111111111111;51090;31214.104399999997;0.31824832257828767;0;0.0
Goal_329;51090;153213.33333333334;0.44355555555555554;52553;125584.58880339334;0.3558358438558578;0;0.0
Goal_330;51090;153213.33333333334;499;51441;12300.8976;0.31646047023240576;0;0.0
Goal_331;51090;229820.0;0.0;51090;181424.51032604685;0.2547736469197167;3600;0.1180067368419346
Goal_332;51090;229820.0;0.05544444444444444;51016;176940.00585048235;0.2548151397377501;3600;0.1251771325212205
Goal_333;51090;229820.0;0.11088888888888888;51037;180407.89711766952;0.255423752602091;3600;0.14952329239973827
Goal_334;51090;229820.0;0.16633333333333333;51002;176286.7335003643;0.2555534718950614;3600;0.20909591898261407
Goal_335;51090;229820.0;0.22177777777777777;51039;177304.91557308094;0.2554783193469895;3600;0.5049754960771857
Goal_336;51090;229820.0;0.2772222222222222;51108;36039.478234716975;0.27443895823976855;2;0.0
Goal_337;51090;229820.0;0.33266666666666667;51912;30196.666299999997;0.31646047023240576;0;0.0
Goal_338;51090;229820.0;0.3881111111111111;51090;31214.104399999997;0.31824832257828767;0;0.0
Goal_339;51090;229820.0;0.44355555555555554;53104;181342.9357033934;0.37584588220985704;0;0.0
Goal_340;51090;229820.0;499;51090;130555.6139;0.3417841438663489;0;0.0
Goal_341;51090;306426.6666666667;0.0;51090;200481.03188864837;0.25522717114028026;3600;0.12387226094026972
Goal_342;51090;306426.6666666667;0.05544444444444444;51090;202024.38137189558;0.25664370486741467;3600;0.1422167282990815
Goal_343;51090;306426.6666666667;0.11088888888888888;51084;199064.34124390647;0.2567618973800648;3600;0.16625799648381787
Goal_344;51090;306426.6666666667;0.16633333333333333;51086;197766.116643283;0.2560154395515345;3600;0.22971802887656684
Goal_345;51090;306426.6666666667;0.22177777777777777;50898;172050.8451811;0.2541337142473987;3600;0.5232739037436214
Goal_346;51090;306426.6666666667;0.2772222222222222;51128;92215.57471456344;0.27721109952987855;105;0.0
Goal_347;51090;306426.6666666667;0.33266666666666667;51912;30196.666299999997;0.31646047023240576;0;0.0
Goal_348;51090;306426.6666666667;0.3881111111111111;51090;31214.104399999997;0.31824832257828767;0;0.0
Goal_349;51090;306426.6666666667;0.44355555555555554;51090;191725.4035604934;0.4009422850342303;0;0.0
Goal_350;51090;306426.6666666667;499;51090;191725.4035604934;0.4009422850342303;0;0.0
Goal_351;51090;383033.3333333334;0.0;51092;198350.49749386025;0.25540127285414616;3600;0.12885377017596505
Goal_352;51090;383033.3333333334;0.05544444444444444;50945;173243.52304574373;0.25539126107163934;3600;0.1612705890702957
Goal_353;51090;383033.3333333334;0.11088888888888888;51090;196690.8872136425;0.256051315391721;3600;0.16303584618697559
Goal_354;51090;383033.3333333334;0.16633333333333333;51090;197794.17231883958;0.25626304260224747;3600;0.22517582895418345
Goal_355;51090;383033.3333333334;0.22177777777777777;51090;176435.84798781702;0.25679186531408243;3600;0.6127423953707605
Goal_356;51090;383033.3333333334;0.2772222222222222;51819;32701.398776630427;0.27722170413919134;24;0.0
Goal_357;51090;383033.3333333334;0.33266666666666667;51912;30196.666299999997;0.31646047023240576;0;0.0
Goal_358;51090;383033.3333333334;0.3881111111111111;51090;31214.104399999997;0.31824832257828767;0;0.0
Goal_359;51090;383033.3333333334;0.44355555555555554;55182;270805.00843504944;0.3991644181171693;0;0.0
Goal_360;51090;383033.3333333334;499;51090;170451.79856049342;0.3896348765218991;0;0.0
Goal_361;51090;459640.0;0.0;51090;173504.90116514036;0.2552111718387988;3600;0.12964168891029892
Goal_362;51090;459640.0;0.05544444444444444;51090;199502.32707064197;0.256095633994196;3600;0.13822220988573675
Goal_363;51090;459640.0;0.11088888888888888;50927;171521.95107957805;0.2542469163262098;3600;0.1602223073413835
Goal_364;51090;459640.0;0.16633333333333333;51090;198688.69790093743;0.257225336230816;3600;0.23597695556002987
Goal_365;51090;459640.0;0.22177777777777777;51002;175399.44464506253;0.25517627058671366;3600;0.5950955332732916
Goal_366;51090;459640.0;0.2772222222222222;51090;38259.083699999996;0.27719681696762377;47;0.0
Goal_367;51090;459640.0;0.33266666666666667;51912;30196.666299999997;0.31646047023240576;0;0.0
Goal_368;51090;459640.0;0.3881111111111111;51090;31214.104399999997;0.31824832257828767;0;0.0
Goal_369;51090;459640.0;0.44355555555555554;51090;191725.4035604934;0.4009422850342303;0;0.0
Goal_370;51090;459640.0;499;51090;191725.4035604934;0.4009422850342303;0;0.0
Goal_371;51090;536246.6666666667;0.0;51090;194736.02069214964;0.2562041250147163;3600;0.13690925010296384
Goal_372;51090;536246.6666666667;0.05544444444444444;51089;179874.75247765097;0.25596756194984094;3600;0.15211897938743127
Goal_373;51090;536246.6666666667;0.11088888888888888;51084;198545.5894292682;0.255794839391644;3600;0.15950158685380866
Goal_374;51090;536246.6666666667;0.16633333333333333;51090;179673.9720662766;0.2563943397433083;3600;0.23738835927950994
Goal_375;51090;536246.6666666667;0.22177777777777777;51090;200280.57362715638;0.25985319869448587;3600;0.9419195778729764
Goal_376;51090;536246.6666666667;0.2772222222222222;51127;50127.6154;0.27592217264727575;53;0.0
Goal_377;51090;536246.6666666667;0.33266666666666667;51912;30196.666299999997;0.31646047023240576;0;0.0
Goal_378;51090;536246.6666666667;0.3881111111111111;51090;31214.104399999997;0.31824832257828767;0;0.0
Goal_379;51090;536246.6666666667;0.44355555555555554;51090;191725.4035604934;0.4009422850342303;0;0.0
Goal_380;51090;536246.6666666667;499;51090;191725.4035604934;0.4009422850342303;0;0.0
Goal_381;51090;612853.3333333334;0.0;51078;198685.0986624672;0.2560996953894273;3600;0.129661053402859
Goal_382;51090;612853.3333333334;0.05544444444444444;51112;199356.41908407796;0.25656209716150385;3600;0.14416606080795077
Goal_383;51090;612853.3333333334;0.11088888888888888;50818;170521.61127656087;0.2541753864228552;3600;0.18592155527231635
Goal_384;51090;612853.3333333334;0.16633333333333333;51084;179446.09582390997;0.2565671794417022;3600;0.22810636933853404
Goal_385;51090;612853.3333333334;0.22177777777777777;51090;183378.93273473822;0.25662029844254053;3600;0.6632324530791924
Goal_386;51090;612853.3333333334;0.2772222222222222;52239;89564.74598176444;0.27719895693021707;88;0.0
Goal_387;51090;612853.3333333334;0.33266666666666667;51912;30196.666299999997;0.31646047023240576;0;0.0
Goal_388;51090;612853.3333333334;0.3881111111111111;51090;31214.104399999997;0.31824832257828767;0;0.0
Goal_389;51090;612853.3333333334;0.44355555555555554;51090;191725.4035604934;0.4009422850342303;0;0.0
Goal_390;51090;612853.3333333334;499;51090;191725.4035604934;0.4009422850342303;0;0.0
Goal_391;51090;689460.0;0.0;51090;200778.93665272708;0.2553432754756803;3600;0.1285496219714768
Goal_392;51090;689460.0;0.05544444444444444;51075;197111.54150453792;0.2565223956900283;3600;0.1480076568623847
Goal_393;51090;689460.0;0.11088888888888888;50974;174345.88953582506;0.25531252942975063;3600;0.16848246367155237
Goal_394;51090;689460.0;0.16633333333333333;50943;166668.6036803488;0.2546766542657442;3600;0.2335664613265471
Goal_395;51090;689460.0;0.22177777777777777;50884;171364.82000630177;0.25468676498808523;3600;0.8384329669785372
Goal_396;51090;689460.0;0.2772222222222222;52837;73985.93901603168;0.27721790819536357;27;0.0
Goal_397;51090;689460.0;0.33266666666666667;51912;30196.666299999997;0.31646047023240576;0;0.0
Goal_398;51090;689460.0;0.3881111111111111;51090;31214.104399999997;0.31824832257828767;0;0.0
Goal_399;51090;689460.0;0.44355555555555554;51090;191725.4035604934;0.4009422850342303;0;0.0
Goal_400;51090;689460.0;499;51090;191725.4035604934;0.4009422850342303;0;0.0
Goal_401;44617;0.0;0.0;43783;0.0;0.21868610292907464;0;0.0
Goal_402;44617;0.0;0.05544444444444444;43783;0.0;0.21868610292907464;0;0.0
Goal_403;44617;0.0;0.11088888888888888;43783;0.0;0.21868610292907464;1;0.0
Goal_404;44617;0.0;0.16633333333333333;43783;0.0;0.21868610292907464;1;0.0
Goal_405;44617;0.0;0.22177777777777777;43783;0.0;0.21868610292907464;1;0.0
Goal_406;44617;0.0;0.2772222222222222;45593;0.0;0.232898043974657;0;0.0
Goal_407;44617;0.0;0.33266666666666667;45593;0.0;0.232898043974657;0;0.0
Goal_408;44617;0.0;0.3881111111111111;45593;0.0;0.232898043974657;0;0.0
Goal_409;44617;0.0;0.44355555555555554;45593;0.0;0.232898043974657;0;0.0
Goal_410;44617;0.0;499;45593;0.0;0.232898043974657;0;0.0
Goal_411;44617;76606.66666666667;0.0;44617;60245.229953559225;0.21740454592634215;3600;0.026268325271839244
Goal_412;44617;76606.66666666667;0.05544444444444444;44620;38475.43967633125;0.2174807708269177;3600;0.023342518771424944
Goal_413;44617;76606.66666666667;0.11088888888888888;44619;38046.67123852669;0.2174547565669339;3600;0.029712419497780102
Goal_414;44617;76606.66666666667;0.16633333333333333;44621;59096.64112179423;0.21744250189970346;3601;0.052121411599394284
Goal_415;44617;76606.66666666667;0.22177777777777777;44625;60707.73138388002;0.2217682987925691;53;0.0
Goal_416;44617;76606.66666666667;0.2772222222222222;44658;5085.501517357661;0.27719211598651466;1;0.0
Goal_417;44617;76606.66666666667;0.33266666666666667;44617;5864.1477199990095;0.2811851481415493;0;0.0
Goal_418;44617;76606.66666666667;0.3881111111111111;44617;5864.1477199990095;0.2811851481415493;0;0.0
Goal_419;44617;76606.66666666667;0.44355555555555554;44617;5864.1477199990095;0.2811851481415493;0;0.0
Goal_420;44617;76606.66666666667;499;44617;5864.1477199990095;0.2811851481415493;0;0.0
Goal_421;44617;153213.33333333334;0.0;44772;68068.91331413556;0.21904415415237966;3600;0.08055540089436933
Goal_422;44617;153213.33333333334;0.05544444444444444;43996;114453.0398820593;0.21494976947871192;3600;0.12950033319297172
Goal_423;44617;153213.33333333334;0.11088888888888888;44648;72395.24637618024;0.2204851545182094;3600;0.13085976697006443
Goal_424;44617;153213.33333333334;0.16633333333333333;44616;59583.07736732309;0.21861529466571872;3600;0.25248008762415575
Goal_425;44617;153213.33333333334;0.22177777777777777;44617;33499.53378193026;0.22177903440374372;1619;0.0
Goal_426;44617;153213.33333333334;0.2772222222222222;44698;10345.525256603367;0.2745870722088681;1;0.0
Goal_427;44617;153213.33333333334;0.33266666666666667;44617;5864.1477199990095;0.2811851481415493;0;0.0
Goal_428;44617;153213.33333333334;0.3881111111111111;44617;147466.806919999;0.37333980187517524;0;0.0
Goal_429;44617;153213.33333333334;0.44355555555555554;44617;147466.806919999;0.37333980187517524;0;0.0
Goal_430;44617;153213.33333333334;499;44617;147466.806919999;0.37333980187517524;0;0.0
Goal_431;44617;229820.0;0.0;44617;36971.172629270994;0.21809790800471993;3600;0.07788054703999202
Goal_432;44617;229820.0;0.05544444444444444;44614;70142.0569438998;0.21930870847914935;3600;0.09229962358066075
Goal_433;44617;229820.0;0.11088888888888888;44617;51793.72075064698;0.22052623467234528;3600;0.1573351005466691
Goal_434;44617;229820.0;0.16633333333333333;44618;69192.14258778025;0.21967881801468622;3600;0.20201911762631689
Goal_435;44617;229820.0;0.22177777777777777;44685;73966.69196401641;0.22176203946931192;81;0.0
Goal_436;44617;229820.0;0.2772222222222222;44698;10345.525256603367;0.2745870722088681;1;0.0
Goal_437;44617;229820.0;0.33266666666666667;44617;5864.1477199990095;0.2811851481415493;0;0.0
Goal_438;44617;229820.0;0.3881111111111111;44617;147466.806919999;0.37333980187517524;0;0.0
Goal_439;44617;229820.0;0.44355555555555554;44617;147466.806919999;0.37333980187517524;0;0.0
Goal_440;44617;229820.0;499;44617;147466.806919999;0.37333980187517524;0;0.0
Goal_441;44617;306426.6666666667;0.0;45049;58112.83299127786;0.21919110358270724;3600;0.09920034219889498
Goal_442;44617;306426.6666666667;0.05544444444444444;44606;51318.457013773426;0.22044442508287845;3600;0.11221870164508016
Goal_443;44617;306426.6666666667;0.11088888888888888;44864;71965.83004992102;0.21848616351047268;3600;0.07977561179153682
Goal_444;44617;306426.6666666667;0.16633333333333333;44627;60743.14505822288;0.2176697213408051;3600;0.14016321416361208
Goal_445;44617;306426.6666666667;0.22177777777777777;44617;37591.12157864175;0.22121121939642296;9;0.0
Goal_446;44617;306426.6666666667;0.2772222222222222;44698;10345.525256603367;0.2745870722088681;1;0.0
Goal_447;44617;306426.6666666667;0.33266666666666667;44617;5864.1477199990095;0.2811851481415493;0;0.0
Goal_448;44617;306426.6666666667;0.3881111111111111;44617;147466.806919999;0.37333980187517524;0;0.0
Goal_449;44617;306426.6666666667;0.44355555555555554;44617;147466.806919999;0.37333980187517524;0;0.0
Goal_450;44617;306426.6666666667;499;44617;147466.806919999;0.37333980187517524;0;0.0
Goal_451;44617;383033.3333333334;0.0;44594;54363.74493322782;0.2209273339909478;3600;0.11560465728148504
Goal_452;44617;383033.3333333334;0.05544444444444444;44747;98665.70382095121;0.22001173311065564;3600;0.11647144254596548
Goal_453;44617;383033.3333333334;0.11088888888888888;44663;47151.99509017388;0.2184700223046638;3600;0.09785969294703238
Goal_454;44617;383033.3333333334;0.16633333333333333;44622;92041.55268580015;0.2193627537705254;3600;0.22807647269419418
Goal_455;44617;383033.3333333334;0.22177777777777777;44660;95200.78752657719;0.22173759132171303;2514;0.0
Goal_456;44617;383033.3333333334;0.2772222222222222;44698;10345.525256603367;0.2745870722088681;1;0.0
Goal_457;44617;383033.3333333334;0.33266666666666667;44617;5864.1477199990095;0.2811851481415493;0;0.0
Goal_458;44617;383033.3333333334;0.3881111111111111;44617;147466.806919999;0.37333980187517524;0;0.0
Goal_459;44617;383033.3333333334;0.44355555555555554;44617;147466.806919999;0.37333980187517524;0;0.0
Goal_460;44617;383033.3333333334;499;44617;147466.806919999;0.37333980187517524;0;0.0
Goal_461;44617;459640.0;0.0;44615;56793.93093285345;0.22051820371726505;3600;0.10942560974258317
Goal_462;44617;459640.0;0.05544444444444444;44695;48723.08900433799;0.21853762383974865;3600;0.10153708552750607
Goal_463;44617;459640.0;0.11088888888888888;44617;66762.93706247551;0.22008946546037947;3600;0.1269929454396304
Goal_464;44617;459640.0;0.16633333333333333;44744;44176.68245305206;0.21782112817809637;3600;0.15583679980010212
Goal_465;44617;459640.0;0.22177777777777777;44619;35882.43963893207;0.22142182200159766;128;0.0
Goal_466;44617;459640.0;0.2772222222222222;44698;10345.525256603367;0.2745870722088681;0;0.0
Goal_467;44617;459640.0;0.33266666666666667;44617;5864.1477199990095;0.2811851481415493;0;0.0
Goal_468;44617;459640.0;0.3881111111111111;44617;147466.806919999;0.37333980187517524;0;0.0
Goal_469;44617;459640.0;0.44355555555555554;44617;147466.806919999;0.37333980187517524;0;0.0
Goal_470;44617;459640.0;499;44617;147466.806919999;0.37333980187517524;0;0.0
Goal_471;44617;536246.6666666667;0.0;44617;70245.37255829976;0.22109759272023705;3600;0.10663278161757096
Goal_472;44617;536246.6666666667;0.05544444444444444;44767;42761.7418288694;0.21884586991533428;3600;0.11463079382200224
Goal_473;44617;536246.6666666667;0.11088888888888888;44938;75281.09011518591;0.2187551115793447;3600;0.09607177649070342
Goal_474;44617;536246.6666666667;0.16633333333333333;44753;43787.85692921042;0.21827733551071662;3600;0.18784336815089958
Goal_475;44617;536246.6666666667;0.22177777777777777;44692;37524.83266790172;0.22164828958535307;20;0.0
Goal_476;44617;536246.6666666667;0.2772222222222222;44698;10345.525256603367;0.2745870722088681;1;0.0
Goal_477;44617;536246.6666666667;0.33266666666666667;44617;5864.1477199990095;0.2811851481415493;0;0.0
Goal_478;44617;536246.6666666667;0.3881111111111111;44617;147466.806919999;0.37333980187517524;0;0.0
Goal_479;44617;536246.6666666667;0.44355555555555554;44617;147466.806919999;0.37333980187517524;0;0.0
Goal_480;44617;536246.6666666667;499;44617;147466.806919999;0.37333980187517524;0;0.0
Goal_481;44617;612853.3333333334;0.0;44636;44047.410954212995;0.21900747997945172;3600;0.08875418796418137
Goal_482;44617;612853.3333333334;0.05544444444444444;44617;69894.63319753716;0.21928308728054433;3600;0.10704587963329214
Goal_483;44617;612853.3333333334;0.11088888888888888;44639;60569.15413241979;0.21755330230366363;3600;0.08799733743045804
Goal_484;44617;612853.3333333334;0.16633333333333333;44623;69490.70932226982;0.21982126569000224;3600;0.2064824650773953
Goal_485;44617;612853.3333333334;0.22177777777777777;44653;34336.33742616254;0.22177023873127444;276;0.0
Goal_486;44617;612853.3333333334;0.2772222222222222;44698;10345.525256603367;0.2745870722088681;1;0.0
Goal_487;44617;612853.3333333334;0.33266666666666667;44617;5864.1477199990095;0.2811851481415493;0;0.0
Goal_488;44617;612853.3333333334;0.3881111111111111;44617;147466.806919999;0.37333980187517524;0;0.0
Goal_489;44617;612853.3333333334;0.44355555555555554;44617;147466.806919999;0.37333980187517524;0;0.0
Goal_490;44617;612853.3333333334;499;44617;147466.806919999;0.37333980187517524;0;0.0
Goal_491;44617;689460.0;0.0;44617;92041.39407606043;0.2188910063670385;3600;0.10593110300916515
Goal_492;44617;689460.0;0.05544444444444444;44617;92270.4900971292;0.21964587464025953;3600;0.116033169728199
Goal_493;44617;689460.0;0.11088888888888888;44648;61211.91613333719;0.21802614345663482;3600;0.07984645394285549
Goal_494;44617;689460.0;0.16633333333333333;44076;117867.02160697227;0.2158760362601694;3600;0.3509121162047621
Goal_495;44617;689460.0;0.22177777777777777;44619;54030.36947916539;0.22177754286656687;141;0.0
Goal_496;44617;689460.0;0.2772222222222222;44698;10345.525256603367;0.2745870722088681;1;0.0
Goal_497;44617;689460.0;0.33266666666666667;44617;5864.1477199990095;0.2811851481415493;0;0.0
Goal_498;44617;689460.0;0.3881111111111111;44617;147466.806919999;0.37333980187517524;0;0.0
Goal_499;44617;689460.0;0.44355555555555554;44617;147466.806919999;0.37333980187517524;0;0.0
Goal_500;44617;689460.0;499;44617;147466.806919999;0.37333980187517524;0;0.0
Goal_501;38144;0.0;0.0;38380;0.0;0.18621840439632772;1;0.0
Goal_502;38144;0.0;0.05544444444444444;38380;0.0;0.18621840439632772;1;0.0
Goal_503;38144;0.0;0.11088888888888888;38391;0.0;0.18621840439632772;0;0.0
Goal_504;38144;0.0;0.16633333333333333;38391;0.0;0.18621840439632772;1;0.0
Goal_505;38144;0.0;0.22177777777777777;39555;0.0;0.18621840439632775;0;0.0
Goal_506;38144;0.0;0.2772222222222222;39555;0.0;0.18621840439632775;0;0.0
Goal_507;38144;0.0;0.33266666666666667;39555;0.0;0.18621840439632775;0;0.0
Goal_508;38144;0.0;0.3881111111111111;39555;0.0;0.18621840439632775;0;0.0
Goal_509;38144;0.0;0.44355555555555554;39555;0.0;0.18621840439632775;0;0.0
Goal_510;38144;0.0;499;39555;0.0;0.18621840439632775;0;0.0
Goal_511;38144;76606.66666666667;0.0;38144;43519.080245165096;0.1837934993818385;3601;0.035281425796377996
Goal_512;38144;76606.66666666667;0.05544444444444444;38144;43234.029725089014;0.18382614497351207;3600;0.03661136492336362
Goal_513;38144;76606.66666666667;0.11088888888888888;38144;43420.91229629472;0.18380861331100073;3600;0.04550203577628595
Goal_514;38144;76606.66666666667;0.16633333333333333;38144;43555.92069575876;0.18382653416962047;3600;0.1918096653753941
Goal_515;38144;76606.66666666667;0.22177777777777777;39352;0.0;0.21868610292907464;0;0.0
Goal_516;38144;76606.66666666667;0.2772222222222222;38144;22655.7618;0.22520155526923574;0;0.0
Goal_517;38144;76606.66666666667;0.33266666666666667;38144;22655.7618;0.22520155526923574;0;0.0
Goal_518;38144;76606.66666666667;0.3881111111111111;38144;22655.7618;0.22520155526923574;0;0.0
Goal_519;38144;76606.66666666667;0.44355555555555554;38144;22655.7618;0.22520155526923574;0;0.0
Goal_520;38144;76606.66666666667;499;38144;22655.7618;0.22520155526923574;0;0.0
Goal_521;38144;153213.33333333334;0.0;38144;43530.232845165105;0.1837941634849967;3601;0.03142313149451981
Goal_522;38144;153213.33333333334;0.05544444444444444;38144;43459.29106939212;0.18380620147284987;3600;0.03327161222215258
Goal_523;38144;153213.33333333334;0.11088888888888888;38144;43708.79286111747;0.18382496267377854;3600;0.04441566589540116
Goal_524;38144;153213.33333333334;0.16633333333333333;38144;43574.32534504116;0.18381325683538094;3600;0.18937211183203012
Goal_525;38144;153213.33333333334;0.22177777777777777;39352;0.0;0.21868610292907464;0;0.0
Goal_526;38144;153213.33333333334;0.2772222222222222;38144;22655.7618;0.22520155526923574;0;0.0
Goal_527;38144;153213.33333333334;0.33266666666666667;38144;22655.7618;0.22520155526923574;0;0.0
Goal_528;38144;153213.33333333334;0.3881111111111111;38144;22655.7618;0.22520155526923574;0;0.0
Goal_529;38144;153213.33333333334;0.44355555555555554;38144;22655.7618;0.22520155526923574;0;0.0
Goal_530;38144;153213.33333333334;499;38144;22655.7618;0.22520155526923574;0;0.0
Goal_531;38144;229820.0;0.0;38144;43563.4565451651;0.18379372769533683;3600;0.029233541006570586
Goal_532;38144;229820.0;0.05544444444444444;38144;43436.43510666071;0.18381293478747868;3600;0.03475275398861818
Goal_533;38144;229820.0;0.11088888888888888;38144;43775.53954713047;0.18383507520094594;3600;0.04133535467432043
Goal_534;38144;229820.0;0.16633333333333333;38144;43433.33944676671;0.1838158493768867;3600;0.18227980881905673
Goal_535;38144;229820.0;0.22177777777777777;39352;0.0;0.21868610292907464;0;0.0
Goal_536;38144;229820.0;0.2772222222222222;38144;22655.7618;0.22520155526923574;0;0.0
Goal_537;38144;229820.0;0.33266666666666667;38144;22655.7618;0.22520155526923574;0;0.0
Goal_538;38144;229820.0;0.3881111111111111;38144;22655.7618;0.22520155526923574;0;0.0
Goal_539;38144;229820.0;0.44355555555555554;38144;22655.7618;0.22520155526923574;0;0.0
Goal_540;38144;229820.0;499;38144;22655.7618;0.22520155526923574;0;0.0
Goal_541;38144;306426.6666666667;0.0;38144;43566.4393451651;0.18379322062855072;3600;0.02826601660256021
Goal_542;38144;306426.6666666667;0.05544444444444444;38144;43444.818153103435;0.18381351114092248;3600;0.03245976788779501
Goal_543;38144;306426.6666666667;0.11088888888888888;38144;43568.210905834654;0.18380176292169007;3600;0.050111689392883546
Goal_544;38144;306426.6666666667;0.16633333333333333;38144;43559.27042644875;0.18381486081064194;3600;0.1510239986194313
Goal_545;38144;306426.6666666667;0.22177777777777777;39352;0.0;0.21868610292907464;0;0.0
Goal_546;38144;306426.6666666667;0.2772222222222222;38144;22655.7618;0.22520155526923574;0;0.0
Goal_547;38144;306426.6666666667;0.33266666666666667;38144;22655.7618;0.22520155526923574;0;0.0
Goal_548;38144;306426.6666666667;0.3881111111111111;38144;22655.7618;0.22520155526923574;0;0.0
Goal_549;38144;306426.6666666667;0.44355555555555554;38144;22655.7618;0.22520155526923574;0;0.0
Goal_550;38144;306426.6666666667;499;38144;22655.7618;0.22520155526923574;0;0.0
Goal_551;38144;383033.3333333334;0;38144;43527.0889451651;0.18379354593620542;3600;0.031032
Goal_552;38144;383033.3333333334;0.05544444444444444;38144;43589.36609629471;0.18380165999024706;3600;0.032600
Goal_553;38144;383033.3333333334;0.11088888888888888;38144;43414.48015779032;0.1838066337941833;3600;0.049171
Goal_554;38144;383033.3333333334;0.16633333333333333;38144;43526.42050505912;0.18380115870610716;3600;0.167358
Goal_555;38144;383033.3333333334;0.22177777777777777;39352;0.0;0.21868610292907464;0;0.0
Goal_556;38144;383033.3333333334;0.2772222222222222;38144;22655.7618;0.22520155526923574;0;0.0
Goal_557;38144;383033.3333333334;0.33266666666666667;38144;22655.7618;0.22520155526923574;0;0.0
Goal_558;38144;383033.3333333334;0.3881111111111111;38144;22655.7618;0.22520155526923574;0;0.0
Goal_559;38144;383033.3333333334;0.44355555555555554;38144;22655.7618;0.22520155526923574;0;0.0
Goal_560;38144;383033.3333333334;499;38144;22655.7618;0.22520155526923574;0;0.0
Goal_561;38144;459640.0;0;38144;43498.885845165096;0.1837996657904127;3600;0.032690
Goal_562;38144;459640.0;0.05544444444444444;38144;43561.2009586164;0.18379685459556724;3600;0.035106
Goal_563;38144;459640.0;0.11088888888888888;38144;43472.45634458693;0.1838145085893775;3600;0.047692
Goal_564;38144;459640.0;0.16633333333333333;38144;43525.27177111769;0.18380055489337474;3600;0.160165
Goal_565;38144;459640.0;0.22177777777777777;39352;0.0;0.21868610292907464;0;0.0
Goal_566;38144;459640.0;0.2772222222222222;38144;22655.7618;0.22520155526923574;0;0.0
Goal_567;38144;459640.0;0.33266666666666667;38144;22655.7618;0.22520155526923574;0;0.0
Goal_568;38144;459640.0;0.3881111111111111;38144;22655.7618;0.22520155526923574;0;0.0
Goal_569;38144;459640.0;0.44355555555555554;38144;22655.7618;0.22520155526923574;0;0.0
Goal_570;38144;459640.0;499;38144;22655.7618;0.22520155526923574;0;0.0
Goal_571;38144;536246.6666666667;0;38144;43556.31267194374;0.1837936012954449;3600;0.030613
Goal_572;38144;536246.6666666667;0.05544444444444444;38144;43500.93092550103;0.18380005200798505;3600;0.034298
Goal_573;38144;536246.6666666667;0.11088888888888888;38144;43807.696820112025;0.1838219221361311;3600;0.040131883004086114
Goal_574;38144;536246.6666666667;0.16633333333333333;38143;43556.404171706236;0.183842767775553;3600;0.19752702009680398
Goal_575;38144;536246.6666666667;0.22177777777777777;39352;0.0;0.21868610292907464;0;0.0
Goal_576;38144;536246.6666666667;0.2772222222222222;38144;22655.7618;0.22520155526923574;0;0.0
Goal_577;38144;536246.6666666667;0.33266666666666667;38144;22655.7618;0.22520155526923574;0;0.0
Goal_578;38144;536246.6666666667;0.3881111111111111;38144;22655.7618;0.22520155526923574;0;0.0
Goal_579;38144;536246.6666666667;0.44355555555555554;38144;22655.7618;0.22520155526923574;0;0.0
Goal_580;38144;536246.6666666667;499;38144;22655.7618;0.22520155526923574;0;0.0
Goal_581;38144;612853.3333333334;0.0;38144;43609.768345165096;0.18379366896675345;3600;0.03444140864317742
Goal_582;38144;612853.3333333334;0.05544444444444444;38144;43427.31494972803;0.18380354251743988;3600;0.03365166020558818
Goal_583;38144;612853.3333333334;0.11088888888888888;38144;43553.69586572866;0.1838067666154109;3600;0.04167888419561188
Goal_584;38144;612853.3333333334;0.16633333333333333;38144;43479.167111223665;0.1838149540655845;3600;0.1939547962724176
Goal_585;38144;612853.3333333334;0.22177777777777777;39352;0.0;0.21868610292907464;0;0.0
Goal_586;38144;612853.3333333334;0.2772222222222222;38144;22655.7618;0.22520155526923574;0;0.0
Goal_587;38144;612853.3333333334;0.33266666666666667;38144;22655.7618;0.22520155526923574;0;0.0
Goal_588;38144;612853.3333333334;0.3881111111111111;38144;22655.7618;0.22520155526923574;0;0.0
Goal_589;38144;612853.3333333334;0.44355555555555554;38144;22655.7618;0.22520155526923574;0;0.0
Goal_590;38144;612853.3333333334;499;38144;22655.7618;0.22520155526923574;0;0.0
Goal_591;38144;689460.0;0.0;38144;43550.78581838647;0.18379389378162966;3600;0.02729358294112067
Goal_592;38144;689460.0;0.05544444444444444;38143;43408.55586034195;0.18380281974133125;3600;0.033271272494435546
Goal_593;38144;689460.0;0.11088888888888888;38144;43598.8235451651;0.18380429540099785;3600;0.0410680002885958
Goal_594;38144;689460.0;0.16633333333333333;38144;43503.39038527108;0.18380343260922744;3600;0.16194323442388886
Goal_595;38144;689460.0;0.22177777777777777;39352;0.0;0.21868610292907464;0;0.0
Goal_596;38144;689460.0;0.2772222222222222;38144;22655.7618;0.22520155526923574;0;0.0
Goal_597;38144;689460.0;0.33266666666666667;38144;22655.7618;0.22520155526923574;0;0.0
Goal_598;38144;689460.0;0.3881111111111111;38144;22655.7618;0.22520155526923574;0;0.0
Goal_599;38144;689460.0;0.44355555555555554;38144;22655.7618;0.22520155526923574;0;0.0
Goal_600;38144;689460.0;499;38144;22655.7618;0.22520155526923574;0;0.0
Goal_601;31671;0.0;0.0;32672;0.0;0.14531661781815958;0;0.0
Goal_602;31671;0.0;0.05544444444444444;32672;0.0;0.14531661781815958;0;0.0
Goal_603;31671;0.0;0.11088888888888888;32672;0.0;0.14531661781815958;0;0.0
Goal_604;31671;0.0;0.16633333333333333;31687;0.0;0.16141922123995048;1;0.0
Goal_605;31671;0.0;0.22177777777777777;33555;0.0;0.16717913724636344;0;0.0
Goal_606;31671;0.0;0.2772222222222222;33555;0.0;0.16717913724636344;0;0.0
Goal_607;31671;0.0;0.33266666666666667;33555;0.0;0.16717913724636344;0;0.0
Goal_608;31671;0.0;0.3881111111111111;33555;0.0;0.16717913724636344;0;0.0
Goal_609;31671;0.0;0.44355555555555554;33555;0.0;0.16717913724636344;0;0.0
Goal_610;31671;0.0;499;33555;0.0;0.16717913724636344;0;0.0
Goal_611;31671;76606.66666666667;0.0;32767;4574.665612753528;0.14519293847340542;12;0.0
Goal_612;31671;76606.66666666667;0.05544444444444444;32763;4361.866312753528;0.14519270501000947;22;0.0
Goal_613;31671;76606.66666666667;0.11088888888888888;32762;4311.440012753528;0.14519272385033524;17;0.0
Goal_614;31671;76606.66666666667;0.16633333333333333;33801;0.0;0.16141922123995026;5;0.0
Goal_615;31671;76606.66666666667;0.22177777777777777;32391;0.0;0.16717913724636344;0;0.0
Goal_616;31671;76606.66666666667;0.2772222222222222;32391;0.0;0.16717913724636344;0;0.0
Goal_617;31671;76606.66666666667;0.33266666666666667;32391;0.0;0.16717913724636344;0;0.0
Goal_618;31671;76606.66666666667;0.3881111111111111;32391;0.0;0.16717913724636344;0;0.0
Goal_619;31671;76606.66666666667;0.44355555555555554;32391;0.0;0.16717913724636344;0;0.0
Goal_620;31671;76606.66666666667;499;32391;0.0;0.16717913724636344;0;0.0
Goal_621;31671;153213.33333333334;0.0;32763;4361.866312753528;0.14519270501000947;10;0.0
Goal_622;31671;153213.33333333334;0.05544444444444444;32764;4421.056512753527;0.14519270442930668;8;0.0
Goal_623;31671;153213.33333333334;0.11088888888888888;32760;4238.590712753528;0.1451929923276859;18;0.0
Goal_624;31671;153213.33333333334;0.16633333333333333;32737;2213.5170696865457;0.15169452587907573;10;0.0
Goal_625;31671;153213.33333333334;0.22177777777777777;31671;77037.12460000001;0.22132517153556916;0;0.0
Goal_626;31671;153213.33333333334;0.2772222222222222;31671;77037.12460000001;0.22132517153556916;0;0.0
Goal_627;31671;153213.33333333334;0.33266666666666667;31671;77037.12460000001;0.22132517153556916;0;0.0
Goal_628;31671;153213.33333333334;0.3881111111111111;31671;77037.12460000001;0.22132517153556916;0;0.0
Goal_629;31671;153213.33333333334;0.44355555555555554;31671;77037.12460000001;0.22132517153556916;0;0.0
Goal_630;31671;153213.33333333334;499;31671;77037.12460000001;0.22132517153556916;0;0.0
Goal_631;31671;229820.0;0.0;32761;4270.419226080874;0.14519279234016813;8;0.0
Goal_632;31671;229820.0;0.05544444444444444;32764;4421.056512753527;0.14519270442930668;13;0.0
Goal_633;31671;229820.0;0.11088888888888888;32757;4087.0618260808733;0.14519348787593428;21;0.0
Goal_634;31671;229820.0;0.16633333333333333;31678;6688.4238000000005;0.1650442934346919;7;0.0
Goal_635;31671;229820.0;0.22177777777777777;31671;77037.12460000001;0.22132517153556916;0;0.0
Goal_636;31671;229820.0;0.2772222222222222;31671;77037.12460000001;0.22132517153556916;0;0.0
Goal_637;31671;229820.0;0.33266666666666667;31671;77037.12460000001;0.22132517153556916;0;0.0
Goal_638;31671;229820.0;0.3881111111111111;31671;77037.12460000001;0.22132517153556916;0;0.0
Goal_639;31671;229820.0;0.44355555555555554;31671;77037.12460000001;0.22132517153556916;0;0.0
Goal_640;31671;229820.0;499;31671;77037.12460000001;0.22132517153556916;0;0.0
Goal_641;31671;306426.6666666667;0.0;32761;4263.219799302233;0.1451928586638427;16;0.0
Goal_642;31671;306426.6666666667;0.05544444444444444;32760;4209.821685974887;0.14519280225142436;4;0.0
Goal_643;31671;306426.6666666667;0.11088888888888888;32763;4354.870512753529;0.14519281921414287;16;0.0
Goal_644;31671;306426.6666666667;0.16633333333333333;32737;2213.5170696865457;0.15169452587907573;7;0.0
Goal_645;31671;306426.6666666667;0.22177777777777777;31671;77037.12460000001;0.22132517153556916;0;0.0
Goal_646;31671;306426.6666666667;0.2772222222222222;31671;77037.12460000001;0.22132517153556916;0;0.0
Goal_647;31671;306426.6666666667;0.33266666666666667;31671;77037.12460000001;0.22132517153556916;0;0.0
Goal_648;31671;306426.6666666667;0.3881111111111111;31671;77037.12460000001;0.22132517153556916;0;0.0
Goal_649;31671;306426.6666666667;0.44355555555555554;31671;77037.12460000001;0.22132517153556916;0;0.0
Goal_650;31671;306426.6666666667;499;31671;77037.12460000001;0.22132517153556916;0;0.0
Goal_651;31671;383033.3333333334;0.0;32763;4369.561312753528;0.14519272316780638;16;0.0
Goal_652;31671;383033.3333333334;0.05544444444444444;32763;4361.866312753528;0.14519270501000947;5;0.0
Goal_653;31671;383033.3333333334;0.11088888888888888;32763;4399.702412753528;0.1451929628946923;18;0.0
Goal_654;31671;383033.3333333334;0.16633333333333333;32655;1506.720567786413;0.16137522868684584;2;0.0
Goal_655;31671;383033.3333333334;0.22177777777777777;31671;77037.12460000001;0.22132517153556916;0;0.0
Goal_656;31671;383033.3333333334;0.2772222222222222;31671;77037.12460000001;0.22132517153556916;0;0.0
Goal_657;31671;383033.3333333334;0.33266666666666667;31671;77037.12460000001;0.22132517153556916;0;0.0
Goal_658;31671;383033.3333333334;0.3881111111111111;31671;77037.12460000001;0.22132517153556916;0;0.0
Goal_659;31671;383033.3333333334;0.44355555555555554;31671;77037.12460000001;0.22132517153556916;0;0.0
Goal_660;31671;383033.3333333334;499;31671;77037.12460000001;0.22132517153556916;0;0.0
Goal_661;31671;459640.0;0.0;32763;4369.561312753528;0.14519272316780638;19;0.0
Goal_662;31671;459640.0;0.05544444444444444;32764;4421.056512753527;0.14519270442930668;12;7.241682544844658E-8
Goal_663;31671;459640.0;0.11088888888888888;32764;4421.056512753527;0.14519270442930668;15;0.0
Goal_664;31671;459640.0;0.16633333333333333;32656;1457.9897577082074;0.16134387456528204;3;0.0
Goal_665;31671;459640.0;0.22177777777777777;31671;77037.12460000001;0.22132517153556916;0;0.0
Goal_666;31671;459640.0;0.2772222222222222;31671;77037.12460000001;0.22132517153556916;0;0.0
Goal_667;31671;459640.0;0.33266666666666667;31671;77037.12460000001;0.22132517153556916;0;0.0
Goal_668;31671;459640.0;0.3881111111111111;31671;77037.12460000001;0.22132517153556916;0;0.0
Goal_669;31671;459640.0;0.44355555555555554;31671;77037.12460000001;0.22132517153556916;0;0.0
Goal_670;31671;459640.0;499;31671;77037.12460000001;0.22132517153556916;0;0.0
Goal_671;31671;536246.6666666667;0.0;32764;4421.056512753527;0.14519270442930668;13;0.0
Goal_672;31671;536246.6666666667;0.05544444444444444;32763;4361.866312753528;0.14519270501000947;4;0.0
Goal_673;31671;536246.6666666667;0.11088888888888888;32758;4136.162412753528;0.14519352672683472;18;0.0
Goal_674;31671;536246.6666666667;0.16633333333333333;32770;4912.066424306848;0.1471792904171118;7;0.0
Goal_675;31671;536246.6666666667;0.22177777777777777;31671;77037.12460000001;0.22132517153556916;0;0.0
Goal_676;31671;536246.6666666667;0.2772222222222222;31671;77037.12460000001;0.22132517153556916;0;0.0
Goal_677;31671;536246.6666666667;0.33266666666666667;31671;77037.12460000001;0.22132517153556916;0;0.0
Goal_678;31671;536246.6666666667;0.3881111111111111;31671;77037.12460000001;0.22132517153556916;0;0.0
Goal_679;31671;536246.6666666667;0.44355555555555554;31671;77037.12460000001;0.22132517153556916;0;0.0
Goal_680;31671;536246.6666666667;499;31671;77037.12460000001;0.22132517153556916;0;0.0
Goal_681;31671;612853.3333333334;0.0;32763;4403.052737806616;0.14519412988061392;8;5.174048693518554E-16
Goal_682;31671;612853.3333333334;0.05544444444444444;32763;4361.866312753528;0.14519270501000947;6;0.0
Goal_683;31671;612853.3333333334;0.11088888888888888;32763;4361.866312753528;0.14519270501000947;10;0.0
Goal_684;31671;612853.3333333334;0.16633333333333333;32672;0.0;0.14531661781815958;19;0.0
Goal_685;31671;612853.3333333334;0.22177777777777777;31671;77037.12460000001;0.22132517153556916;0;0.0
Goal_686;31671;612853.3333333334;0.2772222222222222;31671;77037.12460000001;0.22132517153556916;0;0.0
Goal_687;31671;612853.3333333334;0.33266666666666667;31671;77037.12460000001;0.22132517153556916;0;0.0
Goal_688;31671;612853.3333333334;0.3881111111111111;31671;77037.12460000001;0.22132517153556916;0;0.0
Goal_689;31671;612853.3333333334;0.44355555555555554;31671;77037.12460000001;0.22132517153556916;0;0.0
Goal_690;31671;612853.3333333334;499;31671;77037.12460000001;0.22132517153556916;0;0.0
Goal_691;31671;689460.0;0.0;32763;4361.866312753528;0.14519270501000947;4;0.0
Goal_692;31671;689460.0;0.05544444444444444;32763;4361.866312753528;0.14519270501000947;5;0.0
Goal_693;31671;689460.0;0.11088888888888888;32764;4412.485012753527;0.14519272425167834;15;0.0
Goal_694;31671;689460.0;0.16633333333333333;32338;1457.7137347169748;0.16146531066393222;22;0.0
Goal_695;31671;689460.0;0.22177777777777777;31671;77037.12460000001;0.22132517153556916;0;0.0
Goal_696;31671;689460.0;0.2772222222222222;31671;77037.12460000001;0.22132517153556916;0;0.0
Goal_697;31671;689460.0;0.33266666666666667;31671;77037.12460000001;0.22132517153556916;0;0.0
Goal_698;31671;689460.0;0.3881111111111111;31671;77037.12460000001;0.22132517153556916;0;0.0
Goal_699;31671;689460.0;0.44355555555555554;31671;77037.12460000001;0.22132517153556916;0;0.0
Goal_700;31671;689460.0;499;31671;77037.12460000001;0.22132517153556916;0;0.0
Goal_701;25198;0.0;0.0;26672;0.0;0.11908593782191979;0;3.49873863149579E-8
Goal_702;25198;0.0;0.05544444444444444;26672;0.0;0.11908593782191979;0;0.0
Goal_703;25198;0.0;0.11088888888888888;26672;0.0;0.11908593782191979;0;0.0
Goal_704;25198;0.0;0.16633333333333333;26672;0.0;0.11908593782191979;0;0.0
Goal_705;25198;0.0;0.22177777777777777;26672;0.0;0.11908593782191979;0;0.0
Goal_706;25198;0.0;0.2772222222222222;26672;0.0;0.11908593782191979;0;0.0
Goal_707;25198;0.0;0.33266666666666667;26672;0.0;0.11908593782191979;0;0.0
Goal_708;25198;0.0;0.3881111111111111;26672;0.0;0.11908593782191979;0;0.0
Goal_709;25198;0.0;0.44355555555555554;26672;0.0;0.11908593782191979;0;0.0
Goal_710;25198;0.0;499;26672;0.0;0.11908593782191979;0;0.0
Goal_711;25198;76606.66666666667;0.0;26704;1639.7779294519137;0.11905403920175832;2;0.0
Goal_712;25198;76606.66666666667;0.05544444444444444;26705;1683.2084294519136;0.11905372624486588;2;0.0
Goal_713;25198;76606.66666666667;0.11088888888888888;26705;1667.4487294519136;0.11905373765623982;1;0.0
Goal_714;25198;76606.66666666667;0.16633333333333333;27372;0.0;0.15394919975017188;0;0.0
Goal_715;25198;76606.66666666667;0.22177777777777777;27372;0.0;0.15394919975017188;0;0.0
Goal_716;25198;76606.66666666667;0.2772222222222222;27372;0.0;0.15394919975017188;0;0.0
Goal_717;25198;76606.66666666667;0.33266666666666667;27372;0.0;0.15394919975017188;0;0.0
Goal_718;25198;76606.66666666667;0.3881111111111111;27372;0.0;0.15394919975017188;0;0.0
Goal_719;25198;76606.66666666667;0.44355555555555554;27372;0.0;0.15394919975017188;0;0.0
Goal_720;25198;76606.66666666667;499;27372;0.0;0.15394919975017188;0;0.0
Goal_721;25198;153213.33333333334;0.0;26706;1734.7036294519135;0.11905374390027416;2;0.0
Goal_722;25198;153213.33333333334;0.05544444444444444;26707;1778.1341294519134;0.1190537466781349;2;0.0
Goal_723;25198;153213.33333333334;0.11088888888888888;26705;1667.4487294519136;0.11905373765623982;1;0.0
Goal_724;25198;153213.33333333334;0.16633333333333333;27372;0.0;0.15394919975017188;0;0.0
Goal_725;25198;153213.33333333334;0.22177777777777777;27372;0.0;0.15394919975017188;0;0.0
Goal_726;25198;153213.33333333334;0.2772222222222222;25198;94352.87890000001;0.2497693709317013;0;0.0
Goal_727;25198;153213.33333333334;0.33266666666666667;25198;94352.87890000001;0.2497693709317013;0;0.0
Goal_728;25198;153213.33333333334;0.3881111111111111;25198;94352.87890000001;0.2497693709317013;0;0.0
Goal_729;25198;153213.33333333334;0.44355555555555554;25198;94352.87890000001;0.2497693709317013;0;0.0
Goal_730;25198;153213.33333333334;499;25198;94352.87890000001;0.2497693709317013;0;0.0
Goal_731;25198;229820.0;0.0;26704;1624.0182294519136;0.11905373215180422;2;0.0
Goal_732;25198;229820.0;0.05544444444444444;26705;1683.2084294519136;0.11905372624486588;2;0.0
Goal_733;25198;229820.0;0.11088888888888888;26704;1624.0182294519136;0.11905373215180422;1;0.0
Goal_734;25198;229820.0;0.16633333333333333;27372;0.0;0.15394919975017188;0;0.0
Goal_735;25198;229820.0;0.22177777777777777;27372;0.0;0.15394919975017188;0;0.0
Goal_736;25198;229820.0;0.2772222222222222;25198;94352.87890000001;0.2497693709317013;0;0.0
Goal_737;25198;229820.0;0.33266666666666667;25198;94352.87890000001;0.2497693709317013;0;0.0
Goal_738;25198;229820.0;0.3881111111111111;25198;94352.87890000001;0.2497693709317013;0;0.0
Goal_739;25198;229820.0;0.44355555555555554;25198;94352.87890000001;0.2497693709317013;0;0.0
Goal_740;25198;229820.0;499;25198;94352.87890000001;0.2497693709317013;0;0.0
Goal_741;25198;306426.6666666667;0.0;26704;1624.0182294519136;0.11905373215180422;2;0.0
Goal_742;25198;306426.6666666667;0.05544444444444444;26706;1718.9439294519134;0.11905375480459265;3;0.0
Goal_743;25198;306426.6666666667;0.11088888888888888;26704;1624.0182294519136;0.11905373215180422;2;0.0
Goal_744;25198;306426.6666666667;0.16633333333333333;27372;0.0;0.15394919975017188;0;0.0
Goal_745;25198;306426.6666666667;0.22177777777777777;27372;0.0;0.15394919975017188;0;0.0
Goal_746;25198;306426.6666666667;0.2772222222222222;25198;94352.87890000001;0.2497693709317013;0;0.0
Goal_747;25198;306426.6666666667;0.33266666666666667;25198;94352.87890000001;0.2497693709317013;0;0.0
Goal_748;25198;306426.6666666667;0.3881111111111111;25198;94352.87890000001;0.2497693709317013;0;0.0
Goal_749;25198;306426.6666666667;0.44355555555555554;25198;94352.87890000001;0.2497693709317013;0;0.0
Goal_750;25198;306426.6666666667;499;25198;94352.87890000001;0.2497693709317013;0;0.0
Goal_751;25198;383033.3333333334;0.0;26705;1675.5134294519135;0.11905375061515398;1;0.0
Goal_752;25198;383033.3333333334;0.05544444444444444;26705;1683.2084294519136;0.11905372624486588;1;0.0
Goal_753;25198;383033.3333333334;0.11088888888888888;26706;1726.6389294519136;0.1190537303377238;1;0.0
Goal_754;25198;383033.3333333334;0.16633333333333333;27372;0.0;0.15394919975017188;0;0.0
Goal_755;25198;383033.3333333334;0.22177777777777777;27372;0.0;0.15394919975017188;0;0.0
Goal_756;25198;383033.3333333334;0.2772222222222222;25198;94352.87890000001;0.2497693709317013;0;0.0
Goal_757;25198;383033.3333333334;0.33266666666666667;25198;94352.87890000001;0.2497693709317013;0;0.0
Goal_758;25198;383033.3333333334;0.3881111111111111;25198;94352.87890000001;0.2497693709317013;0;0.0
Goal_759;25198;383033.3333333334;0.44355555555555554;25198;94352.87890000001;0.2497693709317013;0;0.0
Goal_760;25198;383033.3333333334;499;25198;94352.87890000001;0.2497693709317013;0;0.0
Goal_761;25198;459640.0;0.0;26705;1667.4487294519136;0.11905373765623982;2;0.0
Goal_762;25198;459640.0;0.05544444444444444;26704;1624.0182294519136;0.11905373215180422;2;0.0
Goal_763;25198;459640.0;0.11088888888888888;26705;1675.5134294519135;0.11905375061515398;2;0.0
Goal_764;25198;459640.0;0.16633333333333333;27372;0.0;0.15394919975017188;0;0.0
Goal_765;25198;459640.0;0.22177777777777777;27372;0.0;0.15394919975017188;0;0.0
Goal_766;25198;459640.0;0.2772222222222222;25198;94352.87890000001;0.2497693709317013;0;0.0
Goal_767;25198;459640.0;0.33266666666666667;25198;94352.87890000001;0.2497693709317013;0;0.0
Goal_768;25198;459640.0;0.3881111111111111;25198;94352.87890000001;0.2497693709317013;0;0.0
Goal_769;25198;459640.0;0.44355555555555554;25198;94352.87890000001;0.2497693709317013;0;0.0
Goal_770;25198;459640.0;499;25198;94352.87890000001;0.2497693709317013;0;0.0
Goal_771;25198;536246.6666666667;0.0;26705;1675.5134294519135;0.11905375061515398;2;0.0
Goal_772;25198;536246.6666666667;0.05544444444444444;26704;1624.0182294519136;0.11905373215180422;2;0.0
Goal_773;25198;536246.6666666667;0.11088888888888888;26707;1770.4391294519135;0.1190538758202693;1;0.0
Goal_774;25198;536246.6666666667;0.16633333333333333;27372;0.0;0.15394919975017188;0;0.0
Goal_775;25198;536246.6666666667;0.22177777777777777;27372;0.0;0.15394919975017188;0;0.0
Goal_776;25198;536246.6666666667;0.2772222222222222;25198;94352.87890000001;0.2497693709317013;0;0.0
Goal_777;25198;536246.6666666667;0.33266666666666667;25198;94352.87890000001;0.2497693709317013;0;0.0
Goal_778;25198;536246.6666666667;0.3881111111111111;25198;94352.87890000001;0.2497693709317013;0;0.0
Goal_779;25198;536246.6666666667;0.44355555555555554;25198;94352.87890000001;0.2497693709317013;0;0.0
Goal_780;25198;536246.6666666667;499;25198;94352.87890000001;0.2497693709317013;0;0.0
Goal_781;25198;612853.3333333334;0.0;26704;1624.0182294519136;0.11905373215180422;2;0.0
Goal_782;25198;612853.3333333334;0.05544444444444444;26705;1683.2084294519136;0.11905372624486588;2;0.0
Goal_783;25198;612853.3333333334;0.11088888888888888;26704;1624.0182294519136;0.11905373215180422;1;0.0
Goal_784;25198;612853.3333333334;0.16633333333333333;27372;0.0;0.15394919975017188;0;0.0
Goal_785;25198;612853.3333333334;0.22177777777777777;27372;0.0;0.15394919975017188;0;0.0
Goal_786;25198;612853.3333333334;0.2772222222222222;25198;94352.87890000001;0.2497693709317013;0;0.0
Goal_787;25198;612853.3333333334;0.33266666666666667;25198;94352.87890000001;0.2497693709317013;0;0.0
Goal_788;25198;612853.3333333334;0.3881111111111111;25198;94352.87890000001;0.2497693709317013;0;0.0
Goal_789;25198;612853.3333333334;0.44355555555555554;25198;94352.87890000001;0.2497693709317013;0;0.0
Goal_790;25198;612853.3333333334;499;25198;94352.87890000001;0.2497693709317013;0;0.0
Goal_791;25198;689460.0;0.0;26705;1675.5134294519135;0.11905375061515398;2;0.0
Goal_792;25198;689460.0;0.05544444444444444;26705;1675.5134294519135;0.11905375061515398;2;0.0
Goal_793;25198;689460.0;0.11088888888888888;26704;1624.0182294519136;0.11905373215180422;1;0.0
Goal_794;25198;689460.0;0.16633333333333333;27372;0.0;0.15394919975017188;0;0.0
Goal_795;25198;689460.0;0.22177777777777777;27372;0.0;0.15394919975017188;0;0.0
Goal_796;25198;689460.0;0.2772222222222222;25198;94352.87890000001;0.2497693709317013;0;0.0
Goal_797;25198;689460.0;0.33266666666666667;25198;94352.87890000001;0.2497693709317013;0;0.0
Goal_798;25198;689460.0;0.3881111111111111;25198;94352.87890000001;0.2497693709317013;0;0.0
Goal_799;25198;689460.0;0.44355555555555554;25198;94352.87890000001;0.2497693709317013;0;0.0
Goal_800;25198;689460.0;499;25198;94352.87890000001;0.2497693709317013;0;0.0
Goal_801;18725;0.0;0.0;22592;0.0;0.09927243408369185;0;0.0
Goal_802;18725;0.0;0.05544444444444444;22592;0.0;0.09927243408369185;1;0.0
Goal_803;18725;0.0;0.11088888888888888;22592;0.0;0.09927243408369185;0;0.0
Goal_804;18725;0.0;0.16633333333333333;22592;0.0;0.09927243408369185;0;0.0
Goal_805;18725;0.0;0.22177777777777777;22592;0.0;0.09927243408369185;0;0.0
Goal_806;18725;0.0;0.2772222222222222;22592;0.0;0.09927243408369185;0;0.0
Goal_807;18725;0.0;0.33266666666666667;22592;0.0;0.09927243408369185;0;0.0
Goal_808;18725;0.0;0.3881111111111111;22592;0.0;0.09927243408369185;0;0.0
Goal_809;18725;0.0;0.44355555555555554;22592;0.0;0.09927243408369185;0;0.0
Goal_810;18725;0.0;499;22592;0.0;0.09927243408369185;0;0.0
Goal_811;18725;76606.66666666667;0.0;22592;0.0;0.09927243408369185;2;0.0
Goal_812;18725;76606.66666666667;0.05544444444444444;22592;0.0;0.09927243408369185;2;0.0
Goal_813;18725;76606.66666666667;0.11088888888888888;24354;0.0;0.11071790247334046;0;0.0
Goal_814;18725;76606.66666666667;0.16633333333333333;21607;0.0;0.12213060947884143;0;0.0
Goal_815;18725;76606.66666666667;0.22177777777777777;21607;0.0;0.12213060947884143;0;0.0
Goal_816;18725;76606.66666666667;0.2772222222222222;21607;0.0;0.12213060947884143;0;0.0
Goal_817;18725;76606.66666666667;0.33266666666666667;21607;0.0;0.12213060947884143;0;0.0
Goal_818;18725;76606.66666666667;0.3881111111111111;21607;0.0;0.12213060947884143;0;0.0
Goal_819;18725;76606.66666666667;0.44355555555555554;21607;0.0;0.12213060947884143;0;0.0
Goal_820;18725;76606.66666666667;499;21607;0.0;0.12213060947884143;0;0.0
Goal_821;18725;153213.33333333334;0.0;22592;0.0;0.09927243408369185;1;0.0
Goal_822;18725;153213.33333333334;0.05544444444444444;22592;0.0;0.09927243408369185;4;0.185142770021945
Goal_823;18725;153213.33333333334;0.11088888888888888;24354;0.0;0.11071790247334046;0;0.0
Goal_824;18725;153213.33333333334;0.16633333333333333;21607;0.0;0.12213060947884143;0;0.0
Goal_825;18725;153213.33333333334;0.22177777777777777;21607;0.0;0.12213060947884143;0;0.0
Goal_826;18725;153213.33333333334;0.2772222222222222;21607;0.0;0.12213060947884143;0;0.0
Goal_827;18725;153213.33333333334;0.33266666666666667;21607;0.0;0.12213060947884143;0;0.0
Goal_828;18725;153213.33333333334;0.3881111111111111;21607;0.0;0.12213060947884143;0;0.0
Goal_829;18725;153213.33333333334;0.44355555555555554;21607;0.0;0.12213060947884143;0;0.0
Goal_830;18725;153213.33333333334;499;21607;0.0;0.12213060947884143;0;0.0
Goal_831;18725;229820.0;0.0;22592;0.0;0.09927243408369185;2;0.0
Goal_832;18725;229820.0;0.05544444444444444;22592;0.0;0.09927243408369185;4;0.0
Goal_833;18725;229820.0;0.11088888888888888;24354;0.0;0.11071790247334046;0;0.0
Goal_834;18725;229820.0;0.16633333333333333;21607;0.0;0.12213060947884143;0;0.0
Goal_835;18725;229820.0;0.22177777777777777;21607;0.0;0.12213060947884143;0;0.0
Goal_836;18725;229820.0;0.2772222222222222;21607;0.0;0.12213060947884143;0;0.0
Goal_837;18725;229820.0;0.33266666666666667;21433;195038.9723;0.2824163241446325;0;0.0
Goal_838;18725;229820.0;0.3881111111111111;21433;195038.9723;0.2824163241446325;0;0.0
Goal_839;18725;229820.0;0.44355555555555554;21433;195038.9723;0.2824163241446325;0;0.0
Goal_840;18725;229820.0;499;21433;195038.9723;0.2824163241446325;0;0.0
Goal_841;18725;306426.6666666667;0.0;22592;0.0;0.09927243408369185;2;0.0
Goal_842;18725;306426.6666666667;0.05544444444444444;22592;0.0;0.09927243408369185;2;0.0
Goal_843;18725;306426.6666666667;0.11088888888888888;24354;0.0;0.11071790247334046;0;0.0
Goal_844;18725;306426.6666666667;0.16633333333333333;21607;0.0;0.12213060947884143;0;0.0
Goal_845;18725;306426.6666666667;0.22177777777777777;21607;0.0;0.12213060947884143;0;0.0
Goal_846;18725;306426.6666666667;0.2772222222222222;21607;0.0;0.12213060947884143;0;0.0
Goal_847;18725;306426.6666666667;0.33266666666666667;21433;195038.9723;0.2824163241446325;0;0.0
Goal_848;18725;306426.6666666667;0.3881111111111111;21433;195038.9723;0.2824163241446325;0;0.0
Goal_849;18725;306426.6666666667;0.44355555555555554;21433;195038.9723;0.2824163241446325;0;0.0
Goal_850;18725;306426.6666666667;499;21433;195038.9723;0.2824163241446325;0;0.0
Goal_851;18725;383033.3333333334;0.0;22592;0.0;0.09927243408369185;1;0.0
Goal_852;18725;383033.3333333334;0.05544444444444444;22592;0.0;0.09927243408369185;4;0.0
Goal_853;18725;383033.3333333334;0.11088888888888888;24354;0.0;0.11071790247334046;0;0.0
Goal_854;18725;383033.3333333334;0.16633333333333333;21607;0.0;0.12213060947884143;0;0.0
Goal_855;18725;383033.3333333334;0.22177777777777777;21607;0.0;0.12213060947884143;0;0.0
Goal_856;18725;383033.3333333334;0.2772222222222222;21607;0.0;0.12213060947884143;0;0.0
Goal_857;18725;383033.3333333334;0.33266666666666667;21433;195038.9723;0.2824163241446325;0;0.0
Goal_858;18725;383033.3333333334;0.3881111111111111;21433;195038.9723;0.2824163241446325;0;0.0
Goal_859;18725;383033.3333333334;0.44355555555555554;21433;195038.9723;0.2824163241446325;0;0.0
Goal_860;18725;383033.3333333334;499;21433;195038.9723;0.2824163241446325;0;0.0
Goal_861;18725;459640.0;0.0;22592;0.0;0.09927243408369184;2;0.0
Goal_862;18725;459640.0;0.05544444444444444;22592;0.0;0.09927243408369187;3;0.0
Goal_863;18725;459640.0;0.11088888888888888;24354;0.0;0.11071790247334046;0;0.0
Goal_864;18725;459640.0;0.16633333333333333;21607;0.0;0.12213060947884143;0;0.0
Goal_865;18725;459640.0;0.22177777777777777;21607;0.0;0.12213060947884143;0;0.0
Goal_866;18725;459640.0;0.2772222222222222;21607;0.0;0.12213060947884143;0;0.0
Goal_867;18725;459640.0;0.33266666666666667;21433;195038.9723;0.2824163241446325;0;0.0
Goal_868;18725;459640.0;0.3881111111111111;21433;195038.9723;0.2824163241446325;0;0.0
Goal_869;18725;459640.0;0.44355555555555554;21433;195038.9723;0.2824163241446325;0;0.0
Goal_870;18725;459640.0;499;21433;195038.9723;0.2824163241446325;0;0.0
Goal_871;18725;536246.6666666667;0.0;22592;0.0;0.09927243408369185;2;0.0
Goal_872;18725;536246.6666666667;0.05544444444444444;22592;0.0;0.09927243408369185;5;0.0
Goal_873;18725;536246.6666666667;0.11088888888888888;24354;0.0;0.11071790247334046;0;0.0
Goal_874;18725;536246.6666666667;0.16633333333333333;21607;0.0;0.12213060947884143;0;0.0
Goal_875;18725;536246.6666666667;0.22177777777777777;21607;0.0;0.12213060947884143;0;0.0
Goal_876;18725;536246.6666666667;0.2772222222222222;21607;0.0;0.12213060947884143;0;0.0
Goal_877;18725;536246.6666666667;0.33266666666666667;21433;195038.9723;0.2824163241446325;0;0.0
Goal_878;18725;536246.6666666667;0.3881111111111111;21433;195038.9723;0.2824163241446325;0;0.0
Goal_879;18725;536246.6666666667;0.44355555555555554;21433;195038.9723;0.2824163241446325;0;0.0
Goal_880;18725;536246.6666666667;499;21433;195038.9723;0.2824163241446325;0;0.0
Goal_881;18725;612853.3333333334;0.0;22592;0.0;0.09927243408369185;2;0.0
Goal_882;18725;612853.3333333334;0.05544444444444444;22592;0.0;0.09927243408369185;5;0.0
Goal_883;18725;612853.3333333334;0.11088888888888888;24354;0.0;0.11071790247334046;0;0.0
Goal_884;18725;612853.3333333334;0.16633333333333333;21607;0.0;0.12213060947884143;0;0.0
Goal_885;18725;612853.3333333334;0.22177777777777777;21607;0.0;0.12213060947884143;0;0.0
Goal_886;18725;612853.3333333334;0.2772222222222222;21607;0.0;0.12213060947884143;0;0.0
Goal_887;18725;612853.3333333334;0.33266666666666667;21433;195038.9723;0.2824163241446325;0;0.0
Goal_888;18725;612853.3333333334;0.3881111111111111;21433;195038.9723;0.2824163241446325;0;0.0
Goal_889;18725;612853.3333333334;0.44355555555555554;21433;195038.9723;0.2824163241446325;0;0.0
Goal_890;18725;612853.3333333334;499;21433;195038.9723;0.2824163241446325;0;0.0
Goal_891;18725;689460.0;0.0;22592;0.0;0.09927243408369185;2;0.0
Goal_892;18725;689460.0;0.05544444444444444;22592;0.0;0.09927243408369187;2;0.0
Goal_893;18725;689460.0;0.11088888888888888;24354;0.0;0.11071790247334046;0;0.0
Goal_894;18725;689460.0;0.16633333333333333;21607;0.0;0.12213060947884143;0;0.0
Goal_895;18725;689460.0;0.22177777777777777;21607;0.0;0.12213060947884143;0;0.0
Goal_896;18725;689460.0;0.2772222222222222;21607;0.0;0.12213060947884143;0;0.0
Goal_897;18725;689460.0;0.33266666666666667;21433;195038.9723;0.2824163241446325;0;0.0
Goal_898;18725;689460.0;0.3881111111111111;21433;195038.9723;0.2824163241446325;0;0.0
Goal_899;18725;689460.0;0.44355555555555554;21433;195038.9723;0.2824163241446325;0;0.0
Goal_900;18725;689460.0;499;21433;195038.9723;0.2824163241446325;0;0.0
Goal_901;12253;0.0;0.0;15834;0.0;0.08451323830554482;1;3.817686850259098E-15
Goal_902;12253;0.0;0.05544444444444444;15834;0.0;0.08451323830554482;0;0.0
Goal_903;12253;0.0;0.11088888888888888;14849;0.0;0.11071790247334047;0;0.0
Goal_904;12253;0.0;0.16633333333333333;14849;0.0;0.11071790247334047;0;0.0
Goal_905;12253;0.0;0.22177777777777777;14849;0.0;0.11071790247334047;0;0.0
Goal_906;12253;0.0;0.2772222222222222;14849;0.0;0.11071790247334047;0;0.0
Goal_907;12253;0.0;0.33266666666666667;14849;0.0;0.11071790247334047;0;0.0
Goal_908;12253;0.0;0.3881111111111111;14849;0.0;0.11071790247334047;0;0.0
Goal_909;12253;0.0;0.44355555555555554;14849;0.0;0.11071790247334047;0;0.0
Goal_910;12253;0.0;499;14849;0.0;0.11071790247334047;0;0.0
Goal_911;12253;76606.66666666667;0.0;15834;0.0;0.08451323830554482;2;0.0
Goal_912;12253;76606.66666666667;0.05544444444444444;15834;0.0;0.08451323830554482;2;0.0
Goal_913;12253;76606.66666666667;0.11088888888888888;14849;0.0;0.11071790247334047;0;0.0
Goal_914;12253;76606.66666666667;0.16633333333333333;14849;0.0;0.11071790247334047;0;0.0
Goal_915;12253;76606.66666666667;0.22177777777777777;14849;0.0;0.11071790247334047;0;0.0
Goal_916;12253;76606.66666666667;0.2772222222222222;14849;0.0;0.11071790247334047;0;0.0
Goal_917;12253;76606.66666666667;0.33266666666666667;14849;0.0;0.11071790247334047;0;0.0
Goal_918;12253;76606.66666666667;0.3881111111111111;14849;0.0;0.11071790247334047;0;0.0
Goal_919;12253;76606.66666666667;0.44355555555555554;14849;0.0;0.11071790247334047;0;0.0
Goal_920;12253;76606.66666666667;499;14849;0.0;0.11071790247334047;0;0.0
Goal_921;12253;153213.33333333334;0.0;15834;0.0;0.08451323830554482;2;0.0
Goal_922;12253;153213.33333333334;0.05544444444444444;15834;0.0;0.08451323830554482;2;0.0
Goal_923;12253;153213.33333333334;0.11088888888888888;14849;0.0;0.11071790247334047;0;0.0
Goal_924;12253;153213.33333333334;0.16633333333333333;14849;0.0;0.11071790247334047;0;0.0
Goal_925;12253;153213.33333333334;0.22177777777777777;14849;0.0;0.11071790247334047;0;0.0
Goal_926;12253;153213.33333333334;0.2772222222222222;14849;0.0;0.11071790247334047;0;0.0
Goal_927;12253;153213.33333333334;0.33266666666666667;14849;0.0;0.11071790247334047;0;0.0
Goal_928;12253;153213.33333333334;0.3881111111111111;14849;0.0;0.11071790247334047;0;0.0
Goal_929;12253;153213.33333333334;0.44355555555555554;14849;0.0;0.11071790247334047;0;0.0
Goal_930;12253;153213.33333333334;499;14849;0.0;0.11071790247334047;0;0.0
Goal_931;12253;229820.0;0.0;15834;0.0;0.08451323830554482;2;0.0
Goal_932;12253;229820.0;0.05544444444444444;15834;0.0;0.08451323830554482;1;0.0
Goal_933;12253;229820.0;0.11088888888888888;14849;0.0;0.11071790247334047;0;0.0
Goal_934;12253;229820.0;0.16633333333333333;14849;0.0;0.11071790247334047;0;0.0
Goal_935;12253;229820.0;0.22177777777777777;14849;0.0;0.11071790247334047;0;0.0
Goal_936;12253;229820.0;0.2772222222222222;14849;0.0;0.11071790247334047;0;0.0
Goal_937;12253;229820.0;0.33266666666666667;14733;197080.54909999997;0.2794681226388837;0;0.0
Goal_938;12253;229820.0;0.3881111111111111;14733;197080.54909999997;0.2794681226388837;0;0.0
Goal_939;12253;229820.0;0.44355555555555554;14733;197080.54909999997;0.2794681226388837;0;0.0
Goal_940;12253;229820.0;499;14733;197080.54909999997;0.2794681226388837;0;0.0
Goal_941;12253;306426.6666666667;0.0;15834;0.0;0.08451323830554482;2;0.0
Goal_942;12253;306426.6666666667;0.05544444444444444;15834;0.0;0.08451323830554482;2;0.0
Goal_943;12253;306426.6666666667;0.11088888888888888;14849;0.0;0.11071790247334047;0;0.0
Goal_944;12253;306426.6666666667;0.16633333333333333;14849;0.0;0.11071790247334047;0;0.0
Goal_945;12253;306426.6666666667;0.22177777777777777;14849;0.0;0.11071790247334047;0;0.0
Goal_946;12253;306426.6666666667;0.2772222222222222;14849;0.0;0.11071790247334047;0;0.0
Goal_947;12253;306426.6666666667;0.33266666666666667;14733;197080.54909999997;0.2794681226388837;0;0.0
Goal_948;12253;306426.6666666667;0.3881111111111111;14733;197080.54909999997;0.2794681226388837;0;0.0
Goal_949;12253;306426.6666666667;0.44355555555555554;14733;197080.54909999997;0.2794681226388837;0;0.0
Goal_950;12253;306426.6666666667;499;14733;197080.54909999997;0.2794681226388837;0;0.0
Goal_951;12253;383033.3333333334;0.0;15834;0.0;0.08451323830554482;2;0.0
Goal_952;12253;383033.3333333334;0.05544444444444444;15834;0.0;0.08451323830554482;1;0.0
Goal_953;12253;383033.3333333334;0.11088888888888888;14849;0.0;0.11071790247334047;0;0.0
Goal_954;12253;383033.3333333334;0.16633333333333333;14849;0.0;0.11071790247334047;0;0.0
Goal_955;12253;383033.3333333334;0.22177777777777777;14849;0.0;0.11071790247334047;0;0.0
Goal_956;12253;383033.3333333334;0.2772222222222222;14849;0.0;0.11071790247334047;0;0.0
Goal_957;12253;383033.3333333334;0.33266666666666667;14733;197080.54909999997;0.2794681226388837;0;0.0
Goal_958;12253;383033.3333333334;0.3881111111111111;14733;197080.54909999997;0.2794681226388837;0;0.0
Goal_959;12253;383033.3333333334;0.44355555555555554;14733;197080.54909999997;0.2794681226388837;0;0.0
Goal_960;12253;383033.3333333334;499;14733;197080.54909999997;0.2794681226388837;0;0.0
Goal_961;12253;459640.0;0.0;15834;0.0;0.08451323830554482;2;0.0
Goal_962;12253;459640.0;0.05544444444444444;15834;0.0;0.08451323830554482;1;0.0
Goal_963;12253;459640.0;0.11088888888888888;14849;0.0;0.11071790247334047;0;0.0
Goal_964;12253;459640.0;0.16633333333333333;14849;0.0;0.11071790247334047;0;0.0
Goal_965;12253;459640.0;0.22177777777777777;14849;0.0;0.11071790247334047;0;0.0
Goal_966;12253;459640.0;0.2772222222222222;14849;0.0;0.11071790247334047;0;0.0
Goal_967;12253;459640.0;0.33266666666666667;14733;197080.54909999997;0.2794681226388837;0;0.0
Goal_968;12253;459640.0;0.3881111111111111;14733;197080.54909999997;0.2794681226388837;0;0.0
Goal_969;12253;459640.0;0.44355555555555554;14733;197080.54909999997;0.2794681226388837;0;0.0
Goal_970;12253;459640.0;499;14733;197080.54909999997;0.2794681226388837;0;0.0
Goal_971;12253;536246.6666666667;0.0;15834;0.0;0.08451323830554482;2;0.0
Goal_972;12253;536246.6666666667;0.05544444444444444;15834;0.0;0.08451323830554482;1;0.0
Goal_973;12253;536246.6666666667;0.11088888888888888;14849;0.0;0.11071790247334047;0;0.0
Goal_974;12253;536246.6666666667;0.16633333333333333;14849;0.0;0.11071790247334047;0;0.0
Goal_975;12253;536246.6666666667;0.22177777777777777;14849;0.0;0.11071790247334047;0;0.0
Goal_976;12253;536246.6666666667;0.2772222222222222;14849;0.0;0.11071790247334047;0;0.0
Goal_977;12253;536246.6666666667;0.33266666666666667;14733;197080.54909999997;0.2794681226388837;0;0.0
Goal_978;12253;536246.6666666667;0.3881111111111111;14733;197080.54909999997;0.2794681226388837;0;0.0
Goal_979;12253;536246.6666666667;0.44355555555555554;14733;197080.54909999997;0.2794681226388837;0;0.0
Goal_980;12253;536246.6666666667;499;14733;197080.54909999997;0.2794681226388837;0;0.0
Goal_981;12253;612853.3333333334;0.0;15834;0.0;0.08451323830554482;2;0.0
Goal_982;12253;612853.3333333334;0.05544444444444444;15834;0.0;0.08451323830554482;4;0.0
Goal_983;12253;612853.3333333334;0.11088888888888888;14849;0.0;0.11071790247334047;0;0.0
Goal_984;12253;612853.3333333334;0.16633333333333333;14849;0.0;0.11071790247334047;0;0.0
Goal_985;12253;612853.3333333334;0.22177777777777777;14849;0.0;0.11071790247334047;0;0.0
Goal_986;12253;612853.3333333334;0.2772222222222222;14849;0.0;0.11071790247334047;0;0.0
Goal_987;12253;612853.3333333334;0.33266666666666667;14733;197080.54909999997;0.2794681226388837;0;0.0
Goal_988;12253;612853.3333333334;0.3881111111111111;14733;197080.54909999997;0.2794681226388837;0;0.0
Goal_989;12253;612853.3333333334;0.44355555555555554;14733;197080.54909999997;0.2794681226388837;0;0.0
Goal_990;12253;612853.3333333334;499;14733;197080.54909999997;0.2794681226388837;0;0.0
Goal_991;12253;689460.0;0.0;15834;0.0;0.08451323830554482;2;0.0
Goal_992;12253;689460.0;0.05544444444444444;15834;0.0;0.08451323830554482;1;0.0
Goal_993;12253;689460.0;0.11088888888888888;14849;0.0;0.11071790247334047;0;0.0
Goal_994;12253;689460.0;0.16633333333333333;14849;0.0;0.11071790247334047;0;0.0
Goal_995;12253;689460.0;0.22177777777777777;14849;0.0;0.11071790247334047;0;0.0
Goal_996;12253;689460.0;0.2772222222222222;14849;0.0;0.11071790247334047;0;0.0
Goal_997;12253;689460.0;0.33266666666666667;14733;197080.54909999997;0.2794681226388837;0;0.0
Goal_998;12253;689460.0;0.3881111111111111;14733;197080.54909999997;0.2794681226388837;0;0.0
Goal_999;12253;689460.0;0.44355555555555554;14733;197080.54909999997;0.2794681226388837;0;0.0
Goal_1000;12253;689460.0;499;14733;197080.54909999997;0.2794681226388837;0;0.0
