Goal_1;1738251;0.0;0.0;1728618;1.0336310353299988E7;0.07662590475189841;3623;0.05222196879190982
Goal_2;1738251;0.0;0.049933333333333337;1731730;1.0659849914299997E7;0.0834156365877752;3626;0.10583278147284358
Goal_3;1738251;0.0;0.09986666666666667;1723896;9857203.026399985;0.1460955644904406;3627;0.19248842833701688
Goal_4;1738251;0.0;0.14980000000000002;1726829;9730292.353199996;0.15848253989706168;3636;0.05454644769101251
Goal_5;1738251;0.0;0.19973333333333335;1717961;9260404.693299992;0.19985010426155553;3629;0.01180217875523515
Goal_6;1738251;0.0;0.24966666666666668;1718351;9206744.321099993;0.2194459342826622;3622;0.0015296447349906993
Goal_7;1738251;0.0;0.29960000000000003;1718351;9207462.518399997;0.2194459342826622;3622;0.0011768229331382378
Goal_8;1738251;0.0;0.34953333333333336;1718351;9206744.321099993;0.2194459342826622;3617;0.0010864452255110316
Goal_9;1738251;0.0;0.3994666666666667;1718348;9207260.125799995;0.21940480113734068;3606;0.003193455224649382
Goal_10;1738251;0.0;0.4494;1718351;9207411.334499994;0.21944593428263412;3631;0.003192035772049242
Goal_11;1738251;2221615.111111111;0.0;1734203;1.0552580164500007E7;0.0646519101545891;3658;0.021349304138290108
Goal_12;1738251;2221615.111111111;0.049933333333333337;1737881;1.0715656207799995E7;0.05993882620126318;3733;0.004009697495903408
Goal_13;1738251;2221615.111111111;0.09986666666666667;1732450;1.0196779786199989E7;0.09986698186045585;3683;0.008415669812970556
Goal_14;1738251;2221615.111111111;0.14980000000000002;1726293;9677393.277499992;0.15912440381719814;3690;0.07146538312794098
Goal_15;1738251;2221615.111111111;0.19973333333333335;1719734;9285109.71699999;0.1997351922898112;3632;1.4768675864320548E-4
Goal_16;1738251;2221615.111111111;0.24966666666666668;1718351;9206744.321099993;0.2194459342826622;3603;0.0017460475704020176
Goal_17;1738251;2221615.111111111;0.29960000000000003;1718351;9206744.321099993;0.2194459342826622;3604;0.0014858323686753115
Goal_18;1738251;2221615.111111111;0.34953333333333336;1718351;9207411.334499994;0.2194459342826622;3604;0.0016845740061249782
Goal_19;1738251;2221615.111111111;0.3994666666666667;1718351;9207411.334499994;0.2194459342826622;3604;0.0028425001825931853
Goal_20;1738251;2221615.111111111;0.4494;1718351;9206744.321099993;0.2194459342826622;3602;0.0018880563004429073
Goal_21;1738251;4443230.222222222;0.0;1737622;1.0711723137099994E7;0.06050625560717899;3632;0.010702280881520941
Goal_22;1738251;4443230.222222222;0.049933333333333337;1737766;1.0708930877699995E7;0.06005163289139765;3720;0.0061798341713245174
Goal_23;1738251;4443230.222222222;0.09986666666666667;1733836;1.025882628229999E7;0.09986337373219042;3732;0.007938138238398807
Goal_26;1738251;4443230.222222222;0.24966666666666668;1718351;9206744.321099993;0.2194459342826622;3603;0.004042847212734485
Goal_27;1738251;4443230.222222222;0.29960000000000003;1718351;9206744.321099993;0.2194459342826622;3617;0.0032578712040612135
Goal_28;1738251;4443230.222222222;0.34953333333333336;1718349;9206886.837799994;0.21942284057932482;3605;0.004880642822113881
Goal_29;1738251;4443230.222222222;0.3994666666666667;1718351;9210641.994999994;0.2194459342826622;3631;0.007513656687346822
Goal_30;1738251;4443230.222222222;0.4494;1719292;9260129.444199994;0.2171808112157325;3610;0.0044418325544856654
Goal_31;1738251;6664845.333333333;0.0;1737378;1.0689615855499994E7;0.06097221985479359;3676;0.016798324479893427
Goal_32;1738251;6664845.333333333;0.049933333333333337;1737700;1.0708228728799997E7;0.060032043397094864;3747;0.008977871860794974
Goal_33;1738251;6664845.333333333;0.09986666666666667;1733309;1.0235970008199992E7;0.09985641662591134;3710;0.014335103831076411
Goal_34;1738251;6664845.333333333;0.14980000000000002;1724480;9655588.65809999;0.15552138984249758;3640;0.1150586325445276
Goal_35;1738251;6664845.333333333;0.19973333333333335;1719185;9260513.915999992;0.20557669259797876;3703;0.12488210647977449
Goal_36;1738251;6664845.333333333;0.24966666666666668;1718351;9208960.919799995;0.2194459342826622;3606;0.0059841309051870285
Goal_37;1738251;6664845.333333333;0.29960000000000003;1718351;9206744.321099993;0.2194459342826622;3602;0.004650311600686301
Goal_38;1738251;6664845.333333333;0.34953333333333336;1718351;9206744.321099993;0.2194459342826622;3604;0.0035954372676667537
Goal_40;1738251;6664845.333333333;0.4494;1718351;9206744.321099993;0.21944593428266207;3693;0.0040124435258852
Goal_41;1738251;8886460.444444444;0.0;1721077;1.037895058240001E7;0.14641588822487675;3621;0.8976939011818215
Goal_42;1738251;8886460.444444444;0.049933333333333337;1734091;1.0561819944300005E7;0.06137585570358178;3719;0.060176446498389394
Goal_43;1738251;8886460.444444444;0.09986666666666667;1733146;1.0217755885199992E7;0.10026209651678417;3683;0.053157293678539996
Goal_44;1738251;8886460.444444444;0.14980000000000002;1592620;9203403.850199994;0.30372724818185814;3670;0.9994759488635555
Goal_45;1738251;8886460.444444444;0.19973333333333335;1615886;8321758.922199996;0.34877578352987987;3715;0.9995428759450373
Goal_46;1738251;8886460.444444444;0.24966666666666668;1632746;8886493.737499995;0.3311594967368549;3615;0.9987675470791357
Goal_47;1738251;8886460.444444444;0.29960000000000003;1587057;7687341.5645;0.37951323559880673;3602;0.999999999999999
Goal_48;1738251;8886460.444444444;0.34953333333333336;1721374;9722668.815899992;0.20695905715062377;3609;0.9145159969885823
Goal_49;1738251;8886460.444444444;0.3994666666666667;1634001;8245881.464899999;0.3690147205061744;3664;0.9999999999999968
Goal_50;1738251;8886460.444444444;0.4494;1718351;9206744.321099993;0.2194459342826622;3640;0.008501173900307886
Goal_51;1738251;1.1108075555555556E7;0.0;1738251;1.1074533053399991E7;0.05919991171372858;3636;0.0035287871973612448
Goal_52;1738251;1.1108075555555556E7;0.049933333333333337;1738251;1.1073188602099989E7;0.05919991171372858;3622;0.011323864909324577
Goal_53;1738251;1.1108075555555556E7;0.09986666666666667;1738251;1.11080616121E7;0.059199911713729625;3387;0.0
Goal_54;1738251;1.1108075555555556E7;0.14980000000000002;1598825;1.0494376315200012E7;0.2957511748893174;3683;1.0
Goal_55;1738251;1.1108075555555556E7;0.19973333333333335;1738251;1.1108072365199994E7;0.05919991171372858;2891;0.0
Goal_56;1738251;1.1108075555555556E7;0.24966666666666668;1710437;1.1136487467899999E7;0.1963334879795778;3687;0.9999999999999887
Goal_57;1738251;1.1108075555555556E7;0.29960000000000003;1738251;1.10086616685E7;0.05919991171372858;3072;0.0
Goal_59;1738251;1.1108075555555556E7;0.3994666666666667;1738251;1.1108064573699996E7;0.05919991171372858;3184;0.0
Goal_60;1738251;1.1108075555555556E7;0.4494;1712667;1.1659991515799984E7;0.22276382639716016;3706;0.9999999999999902
Goal_63;1738251;1.3329690666666666E7;0.09986666666666667;1738251;1.3329690603099996E7;0.05919991171372858;3595;0.0
Goal_66;1738251;1.3329690666666666E7;0.24966666666666668;1619633;1.3195374737999998E7;0.2769718330488945;3646;1.0
Goal_69;1738251;1.3329690666666666E7;0.3994666666666667;1738251;1.3231615237500008E7;0.05919991171372858;2844;0.0
Goal_74;1738251;1.5551305777777776E7;0.14980000000000002;1643621;1.423398154310001E7;0.3431084590106198;3630;1.0
Goal_76;1738251;1.5551305777777776E7;0.24966666666666668;1634352;1.4511205776000012E7;0.23580406411543783;3642;1.0
Goal_77;1738251;1.5551305777777776E7;0.29960000000000003;1738251;1.5543425018099997E7;0.059199911713728556;2817;0.0
Goal_78;1738251;1.5551305777777776E7;0.34953333333333336;1713503;1.5592948420200001E7;0.20028896448243738;3670;0.9999999999999902
Goal_82;1738251;1.7772920888888888E7;0.049933333333333337;1738251;1.6748483518299991E7;0.05919991171372858;3660;0.011258569709823071
Goal_86;1738251;1.7772920888888888E7;0.24966666666666668;1631722;1.6791430647799984E7;0.32352116996804176;3680;1.0
Goal_87;1738251;1.7772920888888888E7;0.29960000000000003;1643529;1.770140670230002E7;0.29960099426146125;3681;1.0
Goal_88;1738251;1.7772920888888888E7;0.34953333333333336;1738251;1.7650232756999996E7;0.05919991171372858;2250;0.0
Goal_90;1738251;1.7772920888888888E7;0.4494;1676966;1.7901660362299994E7;0.29491084017366687;3676;1.0
Goal_91;1738251;1.9994536E7;0.0;1734390;2.015156293390001E7;0.09094652596678714;3649;0.6575474172466118
Goal_92;1738251;1.9994536E7;0.049933333333333337;1730739;1.999451565099997E7;0.08800476309844141;3623;0.8652155104183248
Goal_94;1738251;1.9994536E7;0.14980000000000002;1626823;1.88300797024E7;0.2821006696435492;3663;1.0
Goal_96;1738251;1.9994536E7;0.24966666666666668;1631355;1.8287491800600007E7;0.3315427195635768;3637;1.0
Goal_98;1738251;1.9994536E7;0.34953333333333336;1727785;1.98255685418E7;0.11906847932988888;3640;0.9999999999999791
Goal_101;1674199;0.0;0.0;1669972;9365171.729099995;0.1824851219459598;3626;0.47137120288861867
Goal_102;1674199;0.0;0.049933333333333337;1674199;9056615.306399986;0.201637885186054;3629;0.534744783839342
Goal_103;1674199;0.0;0.09986666666666667;1672763;8630110.043600002;0.19864364351709682;3632;0.4829777569518416
Goal_104;1674199;0.0;0.14980000000000002;1674199;9000416.221899996;0.18694536237431986;3624;0.36009392713571226
Goal_105;1674199;0.0;0.19973333333333335;1673808;7546577.283099999;0.27240062012239463;3641;0.4929301805515833
Goal_106;1674199;0.0;0.24966666666666668;1674199;7578246.359700002;0.2498315367716172;3626;0.05846095425394525
Goal_107;1674199;0.0;0.29960000000000003;1674199;7217138.97249999;0.3245099724551655;3677;0.3103710416478496
Goal_108;1674199;0.0;0.34953333333333336;217800;2606822.5700000003;0.3216980711374529;3743;0.9154019202605924
Goal_109;1674199;0.0;0.3994666666666667;1674199;7088119.613299997;0.3706009740848709;3719;0.008297676411365537
Goal_110;1674199;0.0;0.4494;357494;5812287.0065;0.31582906580768744;3731;0.9105918116763294
Goal_111;1674199;2221615.111111111;0.0;1256232;2312073.6560999993;0.34547550912470826;3631;0.8633614020965774
Goal_112;1674199;2221615.111111111;0.049933333333333337;1674199;8370404.786899996;0.18059232369685932;3622;0.5086579181816577
Goal_115;1674199;2221615.111111111;0.19973333333333335;1674199;7970191.116900008;0.2004978500269533;3649;0.12840599031746164
Goal_116;1674199;2221615.111111111;0.24966666666666668;1674199;7626303.670799999;0.24964797865512245;3642;0.08809521083920814
Goal_118;1674199;2221615.111111111;0.34953333333333336;1669496;7084481.466099996;0.34962297088138067;3657;0.06345445368921858
Goal_119;1674199;2221615.111111111;0.3994666666666667;1674199;7067821.301499998;0.37388892673872387;3689;0.0034062736883759223
Goal_120;1674199;2221615.111111111;0.4494;1674199;7067821.301499998;0.37388892673872803;3642;0.0037212942529374353
Goal_121;1674199;4443230.222222222;0.0;1673796;8530075.396800004;0.136802599717756;3614;0.4661785488399963
Goal_124;1674199;4443230.222222222;0.14980000000000002;1669894;7876736.884399998;0.2515219106494336;3631;0.7576487783901285
Goal_125;1674199;4443230.222222222;0.19973333333333335;1144710;6733545.2498999955;0.4916916450726983;3657;0.9597998833199143
Goal_126;1674199;4443230.222222222;0.24966666666666668;1674045;7532996.488999999;0.24967068211115487;3626;0.1258910488915248
Goal_128;1674199;4443230.222222222;0.34953333333333336;1655721;6690713.051299998;0.37524363577858943;3640;0.6222137516032366
Goal_129;1674199;4443230.222222222;0.3994666666666667;1674199;7068029.231499999;0.37388892673872803;3604;0.0091500297642631
Goal_130;1674199;4443230.222222222;0.4494;1674199;7067821.301499998;0.3738889267387295;3633;0.011696619894561527
Goal_131;1674199;6664845.333333333;0.0;1674199;1.0176865263500018E7;0.2102037004565344;3627;0.9672627108888757
Goal_132;1674199;6664845.333333333;0.049933333333333337;1529719;7116777.631299989;0.29765423211772374;3629;1.0
Goal_135;1674199;6664845.333333333;0.19973333333333335;1594593;6880680.120099995;0.36210798343839395;3624;1.0
Goal_136;1674199;6664845.333333333;0.24966666666666668;1576182;7026674.370399993;0.36606673429707565;3626;1.0
Goal_137;1674199;6664845.333333333;0.29960000000000003;1582102;5894318.768699996;0.4469351555651226;3640;1.0
Goal_138;1674199;6664845.333333333;0.34953333333333336;1579241;6484372.905199996;0.43571319654587026;3639;1.0
Goal_139;1674199;6664845.333333333;0.3994666666666667;1576760;6825418.957999998;0.40984797308766197;3678;1.0
Goal_141;1674199;8886460.444444444;0.0;1525247;7305868.527799993;0.3942050435779857;3628;0.9896867416093255
Goal_142;1674199;8886460.444444444;0.049933333333333337;1581624;9649539.434099993;0.31758684086167405;3635;1.0
Goal_144;1674199;8886460.444444444;0.14980000000000002;1671728;1.030373105649999E7;0.28917210311933;3629;1.0
Goal_145;1674199;8886460.444444444;0.19973333333333335;1592625;8362266.687600002;0.37742026943590196;3631;1.0
Goal_147;1674199;8886460.444444444;0.29960000000000003;1675053;9463289.231400004;0.32411533210049587;3641;1.0
Goal_149;1674199;8886460.444444444;0.3994666666666667;1549784;8879704.8465;0.3525217359819032;3677;1.0
Goal_150;1674199;8886460.444444444;0.4494;1561701;7633041.332199996;0.4667757386514632;3628;1.0
Goal_151;1674199;1.1108075555555556E7;0.0;1528760;9610750.529500004;0.37118677755280916;3624;0.9886170233276761
Goal_153;1674199;1.1108075555555556E7;0.09986666666666667;1606367;1.095245589279999E7;0.30149980315532077;3640;1.0
Goal_155;1674199;1.1108075555555556E7;0.19973333333333335;1674116;1.1433622014100004E7;0.28291692539602864;3604;1.0
Goal_156;1674199;1.1108075555555556E7;0.24966666666666668;1577056;1.0967115503400013E7;0.35026482954165644;3637;1.0
Goal_157;1674199;1.1108075555555556E7;0.29960000000000003;1668986;1.1455707159500005E7;0.31214445106381905;3633;1.0
Goal_158;1674199;1.1108075555555556E7;0.34953333333333336;1609155;1.1165487441099994E7;0.3686331860874376;3647;1.0
Goal_160;1674199;1.1108075555555556E7;0.4494;1563509;1.0210775861499997E7;0.44404597775985793;3645;1.0
Goal_162;1674199;1.3329690666666666E7;0.049933333333333337;1586677;1.3377407171100006E7;0.34387860110861657;3626;1.0
Goal_163;1674199;1.3329690666666666E7;0.09986666666666667;1594559;1.3191909228099998E7;0.3020072711148608;3632;1.0
Goal_164;1674199;1.3329690666666666E7;0.14980000000000002;1665490;1.33297718809E7;0.3340937932506185;3636;1.0
Goal_165;1674199;1.3329690666666666E7;0.19973333333333335;1672051;1.3142811104099981E7;0.228305931263288;3637;1.0
Goal_166;1674199;1.3329690666666666E7;0.24966666666666668;1673803;1.3390313010399992E7;0.26953019209137735;3639;1.0
Goal_167;1674199;1.3329690666666666E7;0.29960000000000003;1674199;1.3329689075599983E7;0.2879689462752198;3675;0.0
Goal_168;1674199;1.3329690666666666E7;0.34953333333333336;1579700;1.1882697789000003E7;0.46367585911835857;3635;1.0
Goal_171;1674199;1.5551305777777776E7;0.0;1556787;1.3346013581200024E7;0.312878160155801;3621;0.9844715093622451
Goal_172;1674199;1.5551305777777776E7;0.049933333333333337;1587032;1.5168777039499996E7;0.35995113231957565;3627;1.0
Goal_173;1674199;1.5551305777777776E7;0.09986666666666667;1550561;1.3905311772400003E7;0.2947520420142314;3632;1.0
Goal_174;1674199;1.5551305777777776E7;0.14980000000000002;1671383;1.5545209609600026E7;0.30704302314750803;3650;1.0
Goal_175;1674199;1.5551305777777776E7;0.19973333333333335;1674199;1.5551305599099983E7;0.23907805436649687;3636;1.0
Goal_177;1674199;1.5551305777777776E7;0.29960000000000003;1674199;1.5551305791300008E7;0.2961439255451061;3626;1.0
Goal_179;1674199;1.5551305777777776E7;0.3994666666666667;1577252;1.4584486468099987E7;0.39946768239317415;3672;1.0
Goal_180;1674199;1.5551305777777776E7;0.4494;1602111;1.4875539338000013E7;0.4406529774212432;3670;1.0
Goal_181;1674199;1.7772920888888888E7;0.0;1612060;1.6742117201200007E7;0.3062996067398082;3628;0.9816956477490154
Goal_182;1674199;1.7772920888888888E7;0.049933333333333337;1623094;1.7202825979699988E7;0.3475872676541222;3630;1.0
Goal_183;1674199;1.7772920888888888E7;0.09986666666666667;1603945;1.6863042541000005E7;0.22843858422377583;3632;1.0
Goal_184;1674199;1.7772920888888888E7;0.14980000000000002;1674196;1.7772880331400007E7;0.31090808280376075;3622;1.0
Goal_185;1674199;1.7772920888888888E7;0.19973333333333335;1674199;1.7772921377899997E7;0.22299229725467326;3631;1.0
Goal_186;1674199;1.7772920888888888E7;0.24966666666666668;1674199;1.7772930543699995E7;0.25763649970510927;3634;1.0
Goal_187;1674199;1.7772920888888888E7;0.29960000000000003;1590233;1.6008789462400002E7;0.4278921104857146;3674;1.0
Goal_189;1674199;1.7772920888888888E7;0.3994666666666667;1545464;1.5951767096900014E7;0.4295479323640426;3663;1.0
Goal_191;1674199;1.9994536E7;0.0;1540590;1.6729258586600013E7;0.34128421056810565;3630;0.9868013496969218
Goal_192;1674199;1.9994536E7;0.049933333333333337;1674199;1.9994552471199997E7;0.26868106463431446;3637;1.0
Goal_193;1674199;1.9994536E7;0.09986666666666667;1674199;1.9994489816700023E7;0.3141054956624406;3658;1.0
Goal_194;1674199;1.9994536E7;0.14980000000000002;1674199;1.99945360772E7;0.25350358900102454;3651;1.0
Goal_195;1674199;1.9994536E7;0.19973333333333335;1674199;1.9994149252799995E7;0.23341247846056365;3669;1.0
Goal_196;1674199;1.9994536E7;0.24966666666666668;1674403;1.9994529057400003E7;0.26365612964537566;3645;1.0
Goal_197;1674199;1.9994536E7;0.29960000000000003;1674199;1.99945369974E7;0.30325063011931086;3658;1.0
Goal_199;1674199;1.9994536E7;0.3994666666666667;1532417;1.75575242101E7;0.44071744031859844;3635;1.0
Goal_201;1610147;0.0;0.0;1610735;7150455.1249;0.27288442232524107;3616;0.7170768684372432
Goal_202;1610147;0.0;0.049933333333333337;1613219;7291063.651300006;0.2575529122976539;3624;0.711974720826048
Goal_203;1610147;0.0;0.09986666666666667;1610264;6826116.107199999;0.26603227093250925;3632;0.7093443892574527
Goal_204;1610147;0.0;0.14980000000000002;1610681;6135597.6781;0.28754497684589786;3630;0.7059204489326963
Goal_205;1610147;0.0;0.19973333333333335;1611927;5678088.5452000005;0.31762620738042074;3649;0.7106924870204411
Goal_206;1610147;0.0;0.24966666666666668;1615677;5646865.295599993;0.30498164770979236;3660;0.5853841664932186
Goal_207;1610147;0.0;0.29960000000000003;1058831;901433.8269999998;0.3045606887142504;3640;0.8577526309992074
Goal_208;1610147;0.0;0.34953333333333336;1100138;632358.7736;0.3504334856249446;3645;0.8555426612236153
Goal_209;1610147;0.0;0.3994666666666667;1611014;5048562.382600002;0.40667833457471686;3639;0.3238199452848547
Goal_210;1610147;0.0;0.4494;2135;0.0;0.04836495039797502;3661;0.9480721110227835
Goal_211;1610147;2221615.111111111;0.0;1610147;7284218.887099998;0.23754115569755133;3643;0.7619049673942889
Goal_213;1610147;2221615.111111111;0.09986666666666667;1610147;6056742.639299994;0.3354368689739895;3629;0.8736073300479005
Goal_218;1610147;2221615.111111111;0.34953333333333336;1610147;5034644.7986;0.34953295435758974;3628;0.09639546563391456
Goal_220;1610147;2221615.111111111;0.4494;1600776;4424873.386199998;0.458131815941598;3699;0.4361461574936112
Goal_221;1610147;4443230.222222222;0.0;1610194;7025304.963399997;0.26418159696819377;3632;0.9760130461528453
Goal_223;1610147;4443230.222222222;0.09986666666666667;1433668;4271342.460699997;0.40497168819265755;3633;1.0
Goal_228;1610147;4443230.222222222;0.34953333333333336;1520122;4641216.9731;0.4439444127440577;3642;1.0
Goal_229;1610147;4443230.222222222;0.3994666666666667;1493489;3530124.502699999;0.49212742022104683;3636;1.0
Goal_230;1610147;4443230.222222222;0.4494;1486001;3374383.4091;0.49501999779329864;3672;1.0
Goal_232;1610147;6664845.333333333;0.049933333333333337;1453247;6274379.865899998;0.38631564698082504;3631;1.0
Goal_233;1610147;6664845.333333333;0.09986666666666667;1517386;6283923.277200001;0.40859021914083354;3649;1.0
Goal_234;1610147;6664845.333333333;0.14980000000000002;1517021;6637472.390199994;0.3840467931574487;3650;1.0
Goal_236;1610147;6664845.333333333;0.24966666666666668;1532947;6664840.4059000015;0.41779260854179107;3625;1.0
Goal_237;1610147;6664845.333333333;0.29960000000000003;1566577;7492071.0413999995;0.39111157280861786;3643;1.0
Goal_238;1610147;6664845.333333333;0.34953333333333336;1510988;5942643.936299999;0.4583790072997652;3632;1.0
Goal_239;1610147;6664845.333333333;0.3994666666666667;1547108;6674601.384899998;0.4474685914395991;3635;1.0
Goal_240;1610147;6664845.333333333;0.4494;1537541;6424555.642699999;0.45880609273447964;3630;1.0
Goal_242;1610147;8886460.444444444;0.049933333333333337;1559816;9900015.510500003;0.3308633717008195;3628;1.0
Goal_245;1610147;8886460.444444444;0.19973333333333335;1578304;9552074.698300004;0.36424322810593807;3655;1.0
Goal_246;1610147;8886460.444444444;0.24966666666666668;1513553;8491437.987999994;0.4328380700627123;3639;1.0
Goal_247;1610147;8886460.444444444;0.29960000000000003;1486124;7724401.342000003;0.47536852814708547;3642;1.0
Goal_248;1610147;8886460.444444444;0.34953333333333336;1610147;9421741.078599995;0.39040811678313775;3640;1.0
Goal_249;1610147;8886460.444444444;0.3994666666666667;1536453;8341569.7942999955;0.4399196947816395;3655;1.0
Goal_250;1610147;8886460.444444444;0.4494;1532572;8343159.085899994;0.4689484115790551;3644;1.0
Goal_252;1610147;1.1108075555555556E7;0.049933333333333337;1610147;1.1459312218E7;0.2988689447937686;3631;1.0
Goal_254;1610147;1.1108075555555556E7;0.14980000000000002;1552613;1.0258072618000004E7;0.38487089788591133;3643;1.0
Goal_255;1610147;1.1108075555555556E7;0.19973333333333335;1610147;1.1171312689399993E7;0.30721416931955875;3606;1.0
Goal_256;1610147;1.1108075555555556E7;0.24966666666666668;1504800;9283057.040700002;0.4387708109741427;3667;1.0
Goal_257;1610147;1.1108075555555556E7;0.29960000000000003;1610147;1.1128590966700003E7;0.36155748517104924;3639;1.0
Goal_258;1610147;1.1108075555555556E7;0.34953333333333336;1610147;1.1109232518000001E7;0.35681383453332577;3655;1.0
Goal_259;1610147;1.1108075555555556E7;0.3994666666666667;1610147;1.1108075606100002E7;0.41623921291469856;3632;1.0
Goal_260;1610147;1.1108075555555556E7;0.4494;1531471;9804218.478099994;0.4918801554059382;3682;1.0
Goal_262;1610147;1.3329690666666666E7;0.049933333333333337;1441780;1.1288188730099997E7;0.42204428558648804;3635;1.0
Goal_264;1610147;1.3329690666666666E7;0.14980000000000002;1593306;1.4221372885999994E7;0.33115449458079327;3632;1.0
Goal_265;1610147;1.3329690666666666E7;0.19973333333333335;1568320;1.3477906607000006E7;0.32293047627646604;3647;1.0
Goal_266;1610147;1.3329690666666666E7;0.24966666666666668;1561945;1.3393778932400001E7;0.4026277610704962;3637;1.0
Goal_267;1610147;1.3329690666666666E7;0.29960000000000003;1566677;1.3580755191499991E7;0.38563047533735056;3632;1.0
Goal_268;1610147;1.3329690666666666E7;0.34953333333333336;1610147;1.3377320143800003E7;0.36841195548977673;3641;1.0
Goal_269;1610147;1.3329690666666666E7;0.3994666666666667;1507660;1.0801053650300007E7;0.4875910012065671;3639;1.0
Goal_270;1610147;1.3329690666666666E7;0.4494;1527123;1.21537660184E7;0.47855500649250104;3652;1.0
Goal_272;1610147;1.5551305777777776E7;0.049933333333333337;1595064;1.5489485454699999E7;0.33706549604804215;3661;1.0
Goal_273;1610147;1.5551305777777776E7;0.09986666666666667;1487291;1.5683712211799994E7;0.18291475165737994;3633;1.0
Goal_274;1610147;1.5551305777777776E7;0.14980000000000002;1609175;1.5551750097700015E7;0.4276651241384821;3632;1.0
Goal_277;1610147;1.5551305777777776E7;0.29960000000000003;1610147;1.5550616017100004E7;0.3712271453143645;3641;1.0
Goal_278;1610147;1.5551305777777776E7;0.34953333333333336;1610147;1.476625571610001E7;0.36368893337192665;3644;1.0
Goal_279;1610147;1.5551305777777776E7;0.3994666666666667;1610147;1.5551303974799993E7;0.3622792813689608;3664;0.0
Goal_280;1610147;1.5551305777777776E7;0.4494;1507570;1.3742346099199997E7;0.4911501837170041;3641;1.0
Goal_283;1610147;1.7772920888888888E7;0.09986666666666667;1604503;1.7786382294000022E7;0.13064276329498573;3626;1.0
Goal_284;1610147;1.7772920888888888E7;0.14980000000000002;1610147;1.7772920431500003E7;0.20658085021050593;3633;1.0
Goal_285;1610147;1.7772920888888888E7;0.19973333333333335;1610147;1.7772904165100005E7;0.21256909807657792;3669;1.0
Goal_286;1610147;1.7772920888888888E7;0.24966666666666668;1610148;1.7772922928699996E7;0.2675388047530297;3658;1.0
Goal_287;1610147;1.7772920888888888E7;0.29960000000000003;1487721;1.705495280649999E7;0.3890345345728009;3643;1.0
Goal_288;1610147;1.7772920888888888E7;0.34953333333333336;1508288;1.6217895906099996E7;0.4699066967895924;3650;1.0
Goal_289;1610147;1.7772920888888888E7;0.3994666666666667;1519210;1.5933167793600006E7;0.48124687939637195;3679;1.0
Goal_290;1610147;1.7772920888888888E7;0.4494;1610147;1.7772911901599992E7;0.3641752354473756;3637;0.0
Goal_291;1610147;1.9994536E7;0.0;1450394;1.15939909947E7;0.41975369778902205;3655;0.9913587942510583
Goal_294;1610147;1.9994536E7;0.14980000000000002;1610147;1.99589572816E7;0.29380374769746087;3624;1.0
Goal_295;1610147;1.9994536E7;0.19973333333333335;1610147;1.9994535132000018E7;0.22283911851203717;3648;1.0
Goal_296;1610147;1.9994536E7;0.24966666666666668;1610147;1.9994535962599974E7;0.25829892257278775;3635;1.0
Goal_297;1610147;1.9994536E7;0.29960000000000003;1610147;1.91073552228E7;0.3234979899100399;3628;1.0
Goal_298;1610147;1.9994536E7;0.34953333333333336;1610147;1.9994536692199983E7;0.347637497486581;3629;1.0
Goal_299;1610147;1.9994536E7;0.3994666666666667;1519210;1.5933167793600006E7;0.48124687939637195;3641;1.0
Goal_300;1610147;1.9994536E7;0.4494;1532904;1.5285055043099998E7;0.48257600470830697;3648;1.0
Goal_301;1546095;0.0;0.0;1546095;6044391.601699997;0.30376689206431;3621;0.8540450512614302
Goal_302;1546095;0.0;0.049933333333333337;1546095;5934120.619700005;0.30926786801492684;3627;0.8726061474156116
Goal_303;1546095;0.0;0.09986666666666667;1549401;5821210.678199994;0.3011385244015153;3626;0.8641012997179759
Goal_304;1546095;0.0;0.14980000000000002;1547717;5240893.475500002;0.32617148213628766;3620;0.8750271741155343
Goal_305;1546095;0.0;0.19973333333333335;1546095;4561446.460500002;0.3305299891114923;3625;0.8292441189287445
Goal_306;1546095;0.0;0.24966666666666668;1548993;3842067.246800001;0.36019395417831607;3640;0.8457638590797995
Goal_307;1546095;0.0;0.29960000000000003;1546095;3612130.326499998;0.3838630482803736;3641;0.8453421962001068
Goal_308;1546095;0.0;0.34953333333333336;930072;1700841.5682999997;0.34965066389666055;3644;0.9362735451761993
Goal_309;1546095;0.0;0.3994666666666667;1546877;3024857.8943;0.44279878137006273;3665;0.761921961805308
Goal_310;1546095;0.0;0.4494;885904;1316529.0136;0.44887311716462214;3653;0.9385246358739919
Goal_311;1546095;2221615.111111111;0.0;1413664;2765670.0938999993;0.40580897213630773;3639;0.9921061924698602
Goal_315;1546095;2221615.111111111;0.19973333333333335;1359750;1326825.9322999998;0.4374791279156567;3671;1.0
Goal_319;1546095;2221615.111111111;0.3994666666666667;1468217;2050970.208299999;0.4655634434534263;3632;1.0
Goal_320;1546095;2221615.111111111;0.4494;1481376;2120982.551;0.485875434116084;3623;1.0
Goal_324;1546095;4443230.222222222;0.14980000000000002;1413604;3761126.8322000005;0.456249739159659;3648;1.0
Goal_326;1546095;4443230.222222222;0.24966666666666668;1407260;3142382.6716999994;0.4888795508079091;3631;1.0
Goal_327;1546095;4443230.222222222;0.29960000000000003;1335348;3154140.2838000013;0.4813907692808979;3653;1.0
Goal_329;1546095;4443230.222222222;0.3994666666666667;1546095;7627339.690099999;0.4277191934644784;3645;1.0
Goal_330;1546095;4443230.222222222;0.4494;1461801;4192692.7604;0.4844306462428164;3643;1.0
Goal_332;1546095;6664845.333333333;0.049933333333333337;1343705;6551429.967;0.4152400916774454;3631;1.0
Goal_334;1546095;6664845.333333333;0.14980000000000002;1470392;6713804.6339000035;0.43080723456900605;3621;1.0
Goal_336;1546095;6664845.333333333;0.24966666666666668;1427862;6738379.42;0.45351916030886463;3624;1.0
Goal_337;1546095;6664845.333333333;0.29960000000000003;1365363;5046038.880499997;0.4866042758020661;3639;1.0
Goal_339;1546095;6664845.333333333;0.3994666666666667;1546095;6664845.338499997;0.419248412746397;3695;1.0
Goal_340;1546095;6664845.333333333;0.4494;1546095;8882066.577600002;0.41739286403554143;3645;1.0
Goal_341;1546095;8886460.444444444;0.0;1426982;6813814.926199995;0.43596378695936105;3646;0.9928281706690558
Goal_342;1546095;8886460.444444444;0.049933333333333337;1328208;7830569.640400007;0.42738620075859524;3628;1.0
Goal_343;1546095;8886460.444444444;0.09986666666666667;1403972;7238613.584700004;0.42642584837004605;3655;1.0
Goal_344;1546095;8886460.444444444;0.14980000000000002;1488978;8687953.983200008;0.3879320791977442;3631;1.0
Goal_345;1546095;8886460.444444444;0.19973333333333335;1484769;8234493.9057;0.4245329635362281;3662;1.0
Goal_346;1546095;8886460.444444444;0.24966666666666668;1546095;9652957.047799997;0.41561011302688855;3633;1.0
Goal_347;1546095;8886460.444444444;0.29960000000000003;1546095;8963002.909799999;0.3565060447908119;3652;1.0
Goal_348;1546095;8886460.444444444;0.34953333333333336;1404423;6891084.821999997;0.4932884351516395;3659;1.0
Goal_349;1546095;8886460.444444444;0.3994666666666667;1546095;8886460.3782;0.4276796547910992;3649;1.0
Goal_351;1546095;1.1108075555555556E7;0.0;1435005;8710142.734199995;0.42280781380837723;3636;0.9923661346106373
Goal_352;1546095;1.1108075555555556E7;0.049933333333333337;1395189;1.0958000179600002E7;0.39641544391987166;3630;1.0
Goal_353;1546095;1.1108075555555556E7;0.09986666666666667;1546095;1.1213175379799997E7;0.40368417987284055;3625;1.0
Goal_354;1546095;1.1108075555555556E7;0.14980000000000002;1546095;1.11081462431E7;0.3307972861761092;3632;1.0
Goal_355;1546095;1.1108075555555556E7;0.19973333333333335;1501183;1.1448499756900001E7;0.3846150739237335;3626;1.0
Goal_356;1546095;1.1108075555555556E7;0.24966666666666668;1546095;1.1393556299399998E7;0.3945495514986251;3632;1.0
Goal_357;1546095;1.1108075555555556E7;0.29960000000000003;1546095;1.1276652782599999E7;0.3525410937737477;3636;1.0
Goal_358;1546095;1.1108075555555556E7;0.34953333333333336;1504329;1.1742492507099995E7;0.4400929212190925;3624;1.0
Goal_359;1546095;1.1108075555555556E7;0.3994666666666667;1546095;1.1108075872499993E7;0.4024850342353658;3624;1.0
Goal_361;1546095;1.3329690666666666E7;0.0;1422328;1.1193369430399995E7;0.41825667490113094;3626;0.9923594962669473
Goal_362;1546095;1.3329690666666666E7;0.049933333333333337;1361916;1.2638080185300004E7;0.37553642723182507;3644;1.0
Goal_363;1546095;1.3329690666666666E7;0.09986666666666667;1546095;1.3268527056400001E7;0.4213982145773745;3630;1.0
Goal_364;1546095;1.3329690666666666E7;0.14980000000000002;1513050;1.3307187017500006E7;0.3686386693132943;3626;1.0
Goal_366;1546095;1.3329690666666666E7;0.24966666666666668;1546095;1.399952404419999E7;0.32812041723527846;3649;1.0
Goal_367;1546095;1.3329690666666666E7;0.29960000000000003;1412767;7552072.951500001;0.48269265236832853;3629;1.0
Goal_368;1546095;1.3329690666666666E7;0.34953333333333336;1546095;1.33167244005E7;0.39181251302474984;3642;1.0
Goal_369;1546095;1.3329690666666666E7;0.3994666666666667;1546095;1.3329686417200007E7;0.3939640091215658;3659;0.0
Goal_370;1546095;1.3329690666666666E7;0.4494;1485199;1.3141496674699994E7;0.48061921108909306;3624;1.0
Goal_371;1546095;1.5551305777777776E7;0.0;1457586;1.4462003396700002E7;0.43544202341895255;3635;0.9928214251981652
Goal_373;1546095;1.5551305777777776E7;0.09986666666666667;1408161;1.5455899086099992E7;0.4013432577718136;3639;1.0
Goal_374;1546095;1.5551305777777776E7;0.14980000000000002;1551096;1.555117629959999E7;0.33646897317229213;3636;1.0
Goal_375;1546095;1.5551305777777776E7;0.19973333333333335;1470245;1.2409854478699999E7;0.4204682303844344;3642;1.0
Goal_376;1546095;1.5551305777777776E7;0.24966666666666668;1546358;9922096.276899999;0.4396535967271318;3628;1.0
Goal_377;1546095;1.5551305777777776E7;0.29960000000000003;1546095;1.551238797080001E7;0.3690116142935311;3627;1.0
Goal_378;1546095;1.5551305777777776E7;0.34953333333333336;1546030;1.5547871060000006E7;0.3711136215546389;3655;1.0
Goal_379;1546095;1.5551305777777776E7;0.3994666666666667;1546102;1.5551308268099993E7;0.44322197740642055;3650;1.0
Goal_380;1546095;1.5551305777777776E7;0.4494;1491566;6800175.624499996;0.4699858844490996;3655;1.0
Goal_382;1546095;1.7772920888888888E7;0.049933333333333337;1546095;1.77730733713E7;0.27556991105714207;3634;1.0
Goal_383;1546095;1.7772920888888888E7;0.09986666666666667;1546095;1.733354492849999E7;0.4120093560835607;3640;1.0
Goal_384;1546095;1.7772920888888888E7;0.14980000000000002;1554293;1.4950558851800011E7;0.36342559830263715;3644;1.0
Goal_385;1546095;1.7772920888888888E7;0.19973333333333335;1546095;1.784200987450002E7;0.4094397333406043;3623;1.0
Goal_386;1546095;1.7772920888888888E7;0.24966666666666668;1546095;1.7525801331600018E7;0.3016339007946387;3629;1.0
Goal_387;1546095;1.7772920888888888E7;0.29960000000000003;1475861;8430054.475499999;0.4476302939846801;3637;1.0
Goal_388;1546095;1.7772920888888888E7;0.34953333333333336;1546095;1.7776841850200016E7;0.3884753957118825;3645;1.0
Goal_390;1546095;1.7772920888888888E7;0.4494;1493499;7162182.689100002;0.48093200271275915;3629;1.0
Goal_391;1546095;1.9994536E7;0.0;1400323;6866208.232100001;0.44409669079424163;3639;0.9935441582738516
Goal_392;1546095;1.9994536E7;0.049933333333333337;1468766;1.9407482213100012E7;0.30975140112665556;3630;1.0
Goal_393;1546095;1.9994536E7;0.09986666666666667;1391683;1.1487604835700007E7;0.4341434771273822;3640;1.0
Goal_394;1546095;1.9994536E7;0.14980000000000002;1546095;1.999464148500003E7;0.38067100296816786;3634;1.0
Goal_395;1546095;1.9994536E7;0.19973333333333335;1546095;1.9994559559600003E7;0.4397610557444189;3643;1.0
Goal_396;1546095;1.9994536E7;0.24966666666666668;1546095;1.9994570690999996E7;0.3253962155159057;3624;1.0
Goal_397;1546095;1.9994536E7;0.29960000000000003;1460412;8037684.822800002;0.4840329621630971;3628;1.0
Goal_398;1546095;1.9994536E7;0.34953333333333336;1448103;1.913448078890001E7;0.4660375808704477;3632;1.0
Goal_399;1546095;1.9994536E7;0.3994666666666667;1546095;1.757702109270002E7;0.3719809989967173;3627;0.0
Goal_400;1546095;1.9994536E7;0.4494;1493569;1.801242632470001E7;0.4794381948408469;3648;1.0
Goal_401;1482043;0.0;0.0;1482043;5836242.0260000015;0.3048591656064547;3640;0.876775927488735
Goal_402;1482043;0.0;0.049933333333333337;1482043;6078051.8834999995;0.3075883639937411;3625;0.8945958738676179
Goal_403;1482043;0.0;0.09986666666666667;1483575;5633939.195900001;0.3171694526486057;3621;0.9415227052565598
Goal_404;1482043;0.0;0.14980000000000002;1482043;4416735.289599992;0.33661082272046666;3627;0.9138238842687065
Goal_405;1482043;0.0;0.19973333333333335;234927;396292.2255;0.2174663831109601;3635;0.9830154738910674
Goal_406;1482043;0.0;0.24966666666666668;859160;1847916.3458;0.26671011897542535;3642;0.9868556614958363
Goal_407;1482043;0.0;0.29960000000000003;1069479;428605.4531;0.3028063321411711;3647;0.9857406652737993
Goal_408;1482043;0.0;0.34953333333333336;1482043;2622987.3225999963;0.41858649799815345;3625;0.9765703509490762
Goal_409;1482043;0.0;0.3994666666666667;745030;1.33712979276E7;0.39877030916004796;3645;0.9803721562398008
Goal_410;1482043;0.0;0.4494;1310154;571186.9766;0.44476175720251093;3623;0.9027012771475188
Goal_411;1482043;2221615.111111111;0.0;1482043;5656697.673200003;0.3217663171310493;3628;0.9852797553618758
Goal_412;1482043;2221615.111111111;0.049933333333333337;1326615;1226561.922;0.4481549752011856;3638;1.0
Goal_413;1482043;2221615.111111111;0.09986666666666667;1293113;1971719.7152000007;0.43727591195147875;3641;1.0
Goal_415;1482043;2221615.111111111;0.19973333333333335;1255398;1559585.8711999997;0.43924585086949564;3618;1.0
Goal_416;1482043;2221615.111111111;0.24966666666666668;1285061;1502403.7463000002;0.4335675754925;3635;1.0
Goal_419;1482043;2221615.111111111;0.3994666666666667;1411661;2405332.332400001;0.4601086414369545;3623;1.0
Goal_423;1482043;4443230.222222222;0.09986666666666667;1482043;7560269.071900001;0.3320298873011173;3661;1.0
Goal_425;1482043;4443230.222222222;0.19973333333333335;1248312;3808430.899300002;0.44949163717415686;3650;1.0
Goal_426;1482043;4443230.222222222;0.24966666666666668;1262549;3588943.8877;0.4699648495437917;3630;1.0
Goal_427;1482043;4443230.222222222;0.29960000000000003;1482043;9021287.578499995;0.3861686932262713;3637;1.0
Goal_428;1482043;4443230.222222222;0.34953333333333336;1482043;4600434.888300003;0.44856395892853795;3621;1.0
Goal_429;1482043;4443230.222222222;0.3994666666666667;1429427;3398906.910999995;0.4769221508544165;3634;1.0
Goal_430;1482043;4443230.222222222;0.4494;1443088;4443232.325299998;0.4826565328811221;3652;1.0
Goal_431;1482043;6664845.333333333;0.0;1371705;5005489.5537;0.4335047168542487;3649;0.993031577529657
Goal_432;1482043;6664845.333333333;0.049933333333333337;1248207;4870190.4001;0.45738784428551876;3627;1.0
Goal_434;1482043;6664845.333333333;0.14980000000000002;1303858;5107306.567699995;0.48144657526744833;3629;1.0
Goal_435;1482043;6664845.333333333;0.19973333333333335;1482043;8205162.932499999;0.36841937684058446;3628;1.0
Goal_437;1482043;6664845.333333333;0.29960000000000003;1482043;7530679.051400001;0.3977938613157887;3634;1.0
Goal_438;1482043;6664845.333333333;0.34953333333333336;1482043;6904155.093099998;0.43587787101971637;3640;1.0
Goal_439;1482043;6664845.333333333;0.3994666666666667;1482043;6811196.2825;0.4221347084541412;3654;1.0
Goal_441;1482043;8886460.444444444;0.0;1387347;7076347.7767;0.43232507404903237;3629;0.992843198374452
Goal_443;1482043;8886460.444444444;0.09986666666666667;1356391;7863593.002399998;0.4371470714225036;3630;1.0
Goal_444;1482043;8886460.444444444;0.14980000000000002;1482043;9285117.835099993;0.35221077773660064;3625;1.0
Goal_445;1482043;8886460.444444444;0.19973333333333335;1482043;8945976.549099999;0.44197685998146957;3630;1.0
Goal_446;1482043;8886460.444444444;0.24966666666666668;1274029;5375263.958800001;0.48329442398136546;3655;1.0
Goal_447;1482043;8886460.444444444;0.29960000000000003;1411509;7454277.158199997;0.4876933611212974;3652;1.0
Goal_448;1482043;8886460.444444444;0.34953333333333336;1482043;8886455.734499998;0.4106336072779821;3630;1.0
Goal_451;1482043;1.1108075555555556E7;0.0;1409102;1.032817436080001E7;0.41598295927664375;3644;0.9921477937910625
Goal_452;1482043;1.1108075555555556E7;0.049933333333333337;1482043;1.1155452952999994E7;0.32432117880056877;3624;1.0
Goal_453;1482043;1.1108075555555556E7;0.09986666666666667;1282402;1.0555535871400002E7;0.4744108648603722;3633;1.0
Goal_454;1482043;1.1108075555555556E7;0.14980000000000002;1482043;1.1428738090399973E7;0.3917644955190521;3638;1.0
Goal_455;1482043;1.1108075555555556E7;0.19973333333333335;1482043;1.1534762356300006E7;0.38744838467139137;3643;1.0
Goal_456;1482043;1.1108075555555556E7;0.24966666666666668;1482043;1.1108074725099986E7;0.4552153364147384;3637;1.0
Goal_457;1482043;1.1108075555555556E7;0.29960000000000003;1482043;1.2248959173700003E7;0.37324019282460497;3641;1.0
Goal_458;1482043;1.1108075555555556E7;0.34953333333333336;1482043;1.1459294920999993E7;0.3930876649618702;3631;1.0
Goal_462;1482043;1.3329690666666666E7;0.049933333333333337;1482043;1.0291159687299997E7;0.30333746824910784;3634;1.0
Goal_463;1482043;1.3329690666666666E7;0.09986666666666667;1482043;1.3217548985900003E7;0.34759076404322164;3646;1.0
Goal_464;1482043;1.3329690666666666E7;0.14980000000000002;1299816;1.1145947459400006E7;0.48080582373237646;3648;1.0
Goal_465;1482043;1.3329690666666666E7;0.19973333333333335;1482043;1.3329680658300009E7;0.3212578005832143;3634;1.0
Goal_466;1482043;1.3329690666666666E7;0.24966666666666668;1357712;6478909.265100003;0.47828396423980946;3644;1.0
Goal_467;1482043;1.3329690666666666E7;0.29960000000000003;1482043;1.3334710351000002E7;0.3930876363884329;3637;1.0
Goal_468;1482043;1.3329690666666666E7;0.34953333333333336;1420705;5293941.938100001;0.4847236312766159;3632;1.0
Goal_469;1482043;1.3329690666666666E7;0.3994666666666667;1396627;7091348.766900002;0.43833579392974015;3651;1.0
Goal_470;1482043;1.3329690666666666E7;0.4494;1472655;6958098.537099998;0.4726344492777991;3630;1.0
Goal_471;1482043;1.5551305777777776E7;0.0;1427470;8378672.534599998;0.41753263731729945;3628;0.9923665134059771
Goal_473;1482043;1.5551305777777776E7;0.09986666666666667;1482043;1.7944927271200005E7;0.36834116992737687;3626;1.0
Goal_474;1482043;1.5551305777777776E7;0.14980000000000002;1482043;1.5829642098099997E7;0.40071466998329697;3620;1.0
Goal_475;1482043;1.5551305777777776E7;0.19973333333333335;1482043;1.5551306714900007E7;0.36349808908653525;3627;1.0
Goal_476;1482043;1.5551305777777776E7;0.24966666666666668;1482043;1.5551316493900001E7;0.32389681582946445;3625;1.0
Goal_477;1482043;1.5551305777777776E7;0.29960000000000003;1482043;1.5551300738000011E7;0.36149623364110156;3630;1.0
Goal_478;1482043;1.5551305777777776E7;0.34953333333333336;1482043;1.5551305796199998E7;0.41196506842465924;3627;1.0
Goal_479;1482043;1.5551305777777776E7;0.3994666666666667;1425682;7054007.328899993;0.4591718830401364;3636;1.0
Goal_480;1482043;1.5551305777777776E7;0.4494;1442327;6349638.178799998;0.4798532879090486;3658;1.0
Goal_481;1482043;1.7772920888888888E7;0.0;1376513;1.6192522497900005E7;0.42853079801574345;3650;0.9933614022894386
Goal_482;1482043;1.7772920888888888E7;0.049933333333333337;1482043;1.7693893005799998E7;0.2992848306557436;3636;1.0
Goal_484;1482043;1.7772920888888888E7;0.14980000000000002;1482043;1.6370699811899995E7;0.4529266324913072;3662;1.0
Goal_485;1482043;1.7772920888888888E7;0.19973333333333335;1488682;1.650545926329998E7;0.4261504074644282;3659;1.0
Goal_486;1482043;1.7772920888888888E7;0.24966666666666668;1482043;1.7697758392399993E7;0.29202560274726064;3645;1.0
Goal_487;1482043;1.7772920888888888E7;0.29960000000000003;1300818;1.5730786616299996E7;0.4810216404608112;3652;1.0
Goal_488;1482043;1.7772920888888888E7;0.34953333333333336;1383668;1.48835230088E7;0.43754974466156576;3638;1.0
Goal_489;1482043;1.7772920888888888E7;0.3994666666666667;1482043;1.00343929531E7;0.4535939464312105;3650;1.0
Goal_492;1482043;1.9994536E7;0.049933333333333337;1482043;1.98800975798E7;0.404645538662441;3635;1.0
Goal_493;1482043;1.9994536E7;0.09986666666666667;1448527;1.2967321838900004E7;0.3997680614918108;3636;1.0
Goal_494;1482043;1.9994536E7;0.14980000000000002;1482043;1.9917549815100003E7;0.4350943955073044;3628;1.0
Goal_495;1482043;1.9994536E7;0.19973333333333335;1482043;1.999460459669998E7;0.384491503741051;3641;1.0
Goal_496;1482043;1.9994536E7;0.24966666666666668;1335054;1.9084903272900004E7;0.4459219776841289;3626;1.0
Goal_497;1482043;1.9994536E7;0.29960000000000003;1482043;2.0214458576399993E7;0.48016859888143454;3674;1.0
Goal_498;1482043;1.9994536E7;0.34953333333333336;1482043;1.0799865222900005E7;0.44318813013958785;3637;1.0
Goal_499;1482043;1.9994536E7;0.3994666666666667;1439095;6632204.7313;0.46774239237458193;3653;1.0
Goal_500;1482043;1.9994536E7;0.4494;1429369;7140925.119700001;0.4867626130784907;3654;1.0
Goal_501;1417992;0.0;0.0;1420386;6483206.625599996;0.3019254445702369;3635;0.9396953571762917
Goal_502;1417992;0.0;0.049933333333333337;1419164;6735911.8412999995;0.319572402371504;3624;0.9699878234842396
Goal_503;1417992;0.0;0.09986666666666667;1417992;5451926.699800001;0.32375068898237225;3624;0.9229103057431353
Goal_504;1417992;0.0;0.14980000000000002;1417992;4404429.486499999;0.34092281554121084;3625;0.9436156201844297
Goal_505;1417992;0.0;0.19973333333333335;1417992;3102176.871100001;0.39090661346535927;3616;0.9677670171743455
Goal_506;1417992;0.0;0.24966666666666668;1039628;304812.8055;0.273639849800279;3638;0.9989520523513232
Goal_507;1417992;0.0;0.29960000000000003;708746;1037450.7959999999;0.3042499578845668;3635;1.0
Goal_508;1417992;0.0;0.34953333333333336;547203;5133868.627300001;0.3499348447905782;3641;1.0
Goal_509;1417992;0.0;0.3994666666666667;710431;336040.20859999995;0.31083389266825867;3660;1.0
Goal_510;1417992;0.0;0.4494;1406219;169199.92729999998;0.4493999899376194;3651;1.0
Goal_511;1417992;2221615.111111111;0.0;1417992;7037176.411799999;0.25381083854432085;3703;0.983457270201048
Goal_512;1417992;2221615.111111111;0.049933333333333337;1201935;1476151.0585000003;0.44368832822910687;3639;1.0
Goal_513;1417992;2221615.111111111;0.09986666666666667;1196874;2144229.9471000005;0.4223263253710987;3638;1.0
Goal_516;1417992;2221615.111111111;0.24966666666666668;1171933;2221589.4776;0.43591598850035707;3632;1.0
Goal_517;1417992;2221615.111111111;0.29960000000000003;1204307;1991241.0223000005;0.4245389987395808;3626;1.0
Goal_519;1417992;2221615.111111111;0.3994666666666667;1417992;7333040.476399994;0.4443713379170712;3642;1.0
Goal_520;1417992;2221615.111111111;0.4494;1407087;2185275.929199999;0.47482364710980657;3652;1.0
Goal_522;1417992;4443230.222222222;0.049933333333333337;1209813;2272574.7611;0.43351132040378315;3629;1.0
Goal_523;1417992;4443230.222222222;0.09986666666666667;1417992;7345912.489500003;0.3412443608254949;3637;1.0
Goal_524;1417992;4443230.222222222;0.14980000000000002;1417992;5325117.617100001;0.402783737366949;3633;1.0
Goal_525;1417992;4443230.222222222;0.19973333333333335;1184327;4818895.2831999995;0.4206210482987085;3635;1.0
Goal_526;1417992;4443230.222222222;0.24966666666666668;1417992;5688846.531299995;0.4100726924581326;3629;1.0
Goal_527;1417992;4443230.222222222;0.29960000000000003;1389207;3979373.8790000025;0.4755045171706223;3632;1.0
Goal_528;1417992;4443230.222222222;0.34953333333333336;1323974;2256774.1683;0.4529322814394091;3628;1.0
Goal_529;1417992;4443230.222222222;0.3994666666666667;1417992;6021857.762499996;0.4688773913327358;3663;1.0
Goal_530;1417992;4443230.222222222;0.4494;1418409;3890860.0228999993;0.4563980099841634;3649;1.0
Goal_531;1417992;6664845.333333333;0.0;1332790;5501096.320500006;0.4382271306611962;3643;0.9932932394784142
Goal_532;1417992;6664845.333333333;0.049933333333333337;1417992;8646743.01400001;0.30221834518633267;3625;1.0
Goal_534;1417992;6664845.333333333;0.14980000000000002;1417992;8605220.742700001;0.29841362501754615;3634;1.0
Goal_535;1417992;6664845.333333333;0.19973333333333335;1417992;7345690.900600006;0.40536684847217896;3657;1.0
Goal_536;1417992;6664845.333333333;0.24966666666666668;1417992;7373980.670999999;0.405040439418189;3653;1.0
Goal_537;1417992;6664845.333333333;0.29960000000000003;1199574;3584656.3517;0.4635769140519051;3648;1.0
Goal_538;1417992;6664845.333333333;0.34953333333333336;1272275;2510609.9438;0.4723760429381215;3635;1.0
Goal_539;1417992;6664845.333333333;0.3994666666666667;1417992;6820939.675299997;0.4687178091934973;3656;1.0
Goal_540;1417992;6664845.333333333;0.4494;1256980;3227715.383900001;0.4653171191653884;3679;1.0
Goal_542;1417992;8886460.444444444;0.049933333333333337;1417992;1.0386397883999987E7;0.32537571193400117;3662;1.0
Goal_543;1417992;8886460.444444444;0.09986666666666667;1188313;6498798.1298;0.49137427741657147;3658;1.0
Goal_544;1417992;8886460.444444444;0.14980000000000002;1397557;1.3756312270399993E7;0.3180767603955465;3638;1.0
Goal_545;1417992;8886460.444444444;0.19973333333333335;1417992;8981061.091300005;0.4041383832821148;3631;1.0
Goal_546;1417992;8886460.444444444;0.24966666666666668;1140686;8002295.434599997;0.45999772754910134;3633;1.0
Goal_547;1417992;8886460.444444444;0.29960000000000003;1417992;8886458.101099996;0.35623769391399757;3617;1.0
Goal_548;1417992;8886460.444444444;0.34953333333333336;1417992;8886469.841700004;0.42026435857996186;3663;1.0
Goal_549;1417992;8886460.444444444;0.3994666666666667;1226341;8478443.333100004;0.45649314951505676;3629;1.0
Goal_550;1417992;8886460.444444444;0.4494;1362498;4302548.015800002;0.4797522226087786;3653;1.0
Goal_551;1417992;1.1108075555555556E7;0.0;1337734;9274185.525899997;0.4170108336050396;3683;0.99262731395531
Goal_552;1417992;1.1108075555555556E7;0.049933333333333337;1417992;1.1292045939500002E7;0.2924203033412656;3645;1.0
Goal_553;1417992;1.1108075555555556E7;0.09986666666666667;1269900;8558444.183200002;0.46477009057266205;3674;1.0
Goal_555;1417992;1.1108075555555556E7;0.19973333333333335;1417992;1.1262746418899994E7;0.40066152390367044;3660;1.0
Goal_556;1417992;1.1108075555555556E7;0.24966666666666668;1184944;8370515.275699999;0.4853962892210477;3645;1.0
Goal_557;1417992;1.1108075555555556E7;0.29960000000000003;1417993;1.1108118071500001E7;0.35604943988716553;3664;1.0
Goal_558;1417992;1.1108075555555556E7;0.34953333333333336;1420116;1.1107990082600003E7;0.4328340320499402;3674;1.0
Goal_559;1417992;1.1108075555555556E7;0.3994666666666667;1348945;4925777.439700002;0.4663633024835089;3639;1.0
Goal_560;1417992;1.1108075555555556E7;0.4494;1412900;1.1149264681799993E7;0.4647324274957555;3633;1.0
Goal_561;1417992;1.3329690666666666E7;0.0;1417992;1.4267674714599995E7;0.23290632122360258;3632;0.9772854149864845
Goal_562;1417992;1.3329690666666666E7;0.049933333333333337;1418125;1.333559262140001E7;0.2953148321349209;3633;1.0
Goal_563;1417992;1.3329690666666666E7;0.09986666666666667;1417992;1.3813804438899998E7;0.36714073458019203;3660;1.0
Goal_564;1417992;1.3329690666666666E7;0.14980000000000002;1417992;1.3372826703200003E7;0.3151483587533982;3629;1.0
Goal_565;1417992;1.3329690666666666E7;0.19973333333333335;1417993;1.3329777633200003E7;0.3147245323838297;3637;1.0
Goal_566;1417992;1.3329690666666666E7;0.24966666666666668;1177795;1.17915811224E7;0.47304082509680623;3654;1.0
Goal_567;1417992;1.3329690666666666E7;0.29960000000000003;1337071;4307124.0186;0.4745827733591072;3639;1.0
Goal_568;1417992;1.3329690666666666E7;0.34953333333333336;1211125;2816711.1024000016;0.4765228039341884;3644;1.0
Goal_570;1417992;1.3329690666666666E7;0.4494;1418273;2839943.8863999997;0.46083019904185923;3636;1.0
Goal_571;1417992;1.5551305777777776E7;0.0;1423886;1.4163249015899984E7;0.3207613617634574;3635;0.9869517436115866
Goal_572;1417992;1.5551305777777776E7;0.049933333333333337;1417351;1.5374754088500002E7;0.41426309080405005;3635;1.0
Goal_573;1417992;1.5551305777777776E7;0.09986666666666667;1315017;1.4390713833599992E7;0.42134238285184905;3632;1.0
Goal_574;1417992;1.5551305777777776E7;0.14980000000000002;1417992;1.5551277521799982E7;0.4449725776337325;3636;1.0
Goal_575;1417992;1.5551305777777776E7;0.19973333333333335;1417992;1.5551334898999978E7;0.27795587865601584;3637;1.0
Goal_576;1417992;1.5551305777777776E7;0.24966666666666668;1417992;1.555128344749999E7;0.3171411228946323;3627;1.0
Goal_577;1417992;1.5551305777777776E7;0.29960000000000003;1255067;1.536737291029999E7;0.4833833573423217;3632;1.0
Goal_578;1417992;1.5551305777777776E7;0.34953333333333336;1344109;3744248.856699999;0.48089642901924307;3634;1.0
Goal_580;1417992;1.5551305777777776E7;0.4494;1403568;3666313.0206000004;0.4685689846592297;3677;1.0
Goal_582;1417992;1.7772920888888888E7;0.049933333333333337;1417992;1.7772929120600007E7;0.28719032086002244;3634;1.0
Goal_583;1417992;1.7772920888888888E7;0.09986666666666667;1417992;1.7772932858099986E7;0.23244052240109478;3670;1.0
Goal_584;1417992;1.7772920888888888E7;0.14980000000000002;1418412;1.5838603700000005E7;0.3871633056543359;3639;1.0
Goal_585;1417992;1.7772920888888888E7;0.19973333333333335;1417992;1.6683845130100016E7;0.3821363502360556;3659;1.0
Goal_586;1417992;1.7772920888888888E7;0.24966666666666668;1179112;3681287.5623999997;0.478335589242808;3657;1.0
Goal_587;1417992;1.7772920888888888E7;0.29960000000000003;1417992;1.79784325975E7;0.4145657326141366;3646;1.0
Goal_588;1417992;1.7772920888888888E7;0.34953333333333336;1340783;3603577.606600001;0.48645099755242727;3651;1.0
Goal_590;1417992;1.7772920888888888E7;0.4494;1384728;2878761.064700001;0.4785959793796085;3693;1.0
Goal_591;1417992;1.9994536E7;0.0;1424543;1.4019827175400015E7;0.33506252682962345;3643;0.9845150519135525
Goal_592;1417992;1.9994536E7;0.049933333333333337;1417992;2.003475708829999E7;0.33165772398015436;3629;1.0
Goal_593;1417992;1.9994536E7;0.09986666666666667;1417992;1.9465440433500018E7;0.4146064444654291;3633;1.0
Goal_594;1417992;1.9994536E7;0.14980000000000002;1417992;2.0071623033599988E7;0.40444526327900343;3629;1.0
Goal_595;1417992;1.9994536E7;0.19973333333333335;1427672;1.999451500239999E7;0.26991427820284664;3635;1.0
Goal_596;1417992;1.9994536E7;0.24966666666666668;1417992;1.998801733080001E7;0.26777482434711347;3627;1.0
Goal_597;1417992;1.9994536E7;0.29960000000000003;1247920;1.8248771209000006E7;0.48558711161532114;3622;1.0
Goal_600;1417992;1.9994536E7;0.4494;1372484;2741941.9145999993;0.48137979068533626;3647;1.0
Goal_601;1353940;0.0;0.0;1353940;6120430.163899996;0.3273633002679353;3626;0.9639531710973906
Goal_602;1353940;0.0;0.049933333333333337;1353940;6253833.535000002;0.3239406274363267;3629;0.9343964887654723
Goal_603;1353940;0.0;0.09986666666666667;1355441;5387103.0123;0.3665190255228402;3633;0.9895841763377403
Goal_604;1353940;0.0;0.14980000000000002;844160;224632.59439999997;0.19537048352441047;3629;0.9941684057967334
Goal_605;1353940;0.0;0.19973333333333335;1364288;3044429.3085000007;0.4097686271018598;3629;0.9944498949459752
Goal_606;1353940;0.0;0.24966666666666668;524571;3614992.1416;0.26768682526973064;3626;1.0
Goal_607;1353940;0.0;0.29960000000000003;490817;1.1949046386499995E7;0.31006469015056265;3630;1.0
Goal_608;1353940;0.0;0.34953333333333336;903524;858683.2626000001;0.3495511903192328;3642;1.0
Goal_609;1353940;0.0;0.3994666666666667;714017;3223194.247900001;0.3994667648187418;3630;1.0
Goal_610;1353940;0.0;0.4494;1353940;0.0;0.44889051000628133;1114;0.0
Goal_611;1353940;2221615.111111111;0.0;1289206;2268844.140799999;0.4358619361239455;3626;0.9934758654187557
Goal_614;1353940;2221615.111111111;0.14980000000000002;1089114;1747568.3863000001;0.4273530474282068;3648;1.0
Goal_615;1353940;2221615.111111111;0.19973333333333335;1056754;1381861.3722999997;0.4308166001501422;3623;1.0
Goal_616;1353940;2221615.111111111;0.24966666666666668;1276922;2493020.3555;0.46316361335433764;3633;1.0
Goal_617;1353940;2221615.111111111;0.29960000000000003;1097531;1680941.1403;0.4338555788551835;3649;1.0
Goal_618;1353940;2221615.111111111;0.34953333333333336;1161922;1815168.348;0.4430463176581163;3629;1.0
Goal_619;1353940;2221615.111111111;0.3994666666666667;1353940;5720146.983199994;0.4767035348281001;3634;1.0
Goal_620;1353940;2221615.111111111;0.4494;1321941;2137667.9358999995;0.4686005532167571;3637;1.0
Goal_621;1353940;4443230.222222222;0.0;1353940;6980571.023899997;0.364377429039536;3660;0.9893105779341939
Goal_622;1353940;4443230.222222222;0.049933333333333337;1091136;3466299.166699999;0.4764730277985109;3626;1.0
Goal_623;1353940;4443230.222222222;0.09986666666666667;1088565;2950786.600599998;0.4876148954176126;3622;1.0
Goal_625;1353940;4443230.222222222;0.19973333333333335;1353940;4997733.4449999975;0.4539167820000741;3666;1.0
Goal_626;1353940;4443230.222222222;0.24966666666666668;1353940;5673475.1031;0.4086662466361052;3664;1.0
Goal_627;1353940;4443230.222222222;0.29960000000000003;1353940;4443228.9082;0.45681267790074187;3637;1.0
Goal_629;1353940;4443230.222222222;0.3994666666666667;1084195;3649385.2115999996;0.47389784174638805;3641;1.0
Goal_630;1353940;4443230.222222222;0.4494;1355046;2311744.6189999995;0.4592736024153402;3635;1.0
Goal_632;1353940;6664845.333333333;0.049933333333333337;1353940;6665428.061400001;0.41814046714220937;3640;1.0
Goal_633;1353940;6664845.333333333;0.09986666666666667;1353940;7056101.406100001;0.4445096094879448;3665;1.0
Goal_634;1353940;6664845.333333333;0.14980000000000002;1124153;5290478.908000003;0.48688766245556436;3670;1.0
Goal_635;1353940;6664845.333333333;0.19973333333333335;1353940;7240526.164699998;0.34963000074450756;3652;1.0
Goal_636;1353940;6664845.333333333;0.24966666666666668;1089430;5309313.277600003;0.4907917533133131;3650;1.0
Goal_637;1353940;6664845.333333333;0.29960000000000003;1353943;6664911.148999999;0.4647366522862871;3633;1.0
Goal_638;1353940;6664845.333333333;0.34953333333333336;1353940;7344843.783199991;0.45677118888473084;3644;1.0
Goal_639;1353940;6664845.333333333;0.3994666666666667;1086683;5777519.7084;0.47198126729553275;3652;1.0
Goal_640;1353940;6664845.333333333;0.4494;1353940;1455355.8581000003;0.4569018886933979;3667;1.0
Goal_641;1353940;8886460.444444444;0.0;1274962;6325856.977000004;0.41917710538035696;3639;0.9931444033656225
Goal_642;1353940;8886460.444444444;0.049933333333333337;1399062;9130342.2448;0.2894078512809837;3633;1.0
Goal_643;1353940;8886460.444444444;0.09986666666666667;1353940;1.2135973670499997E7;0.28522732534156336;3643;1.0
Goal_644;1353940;8886460.444444444;0.14980000000000002;1105880;7434538.712499995;0.48303027727027054;3684;1.0
Goal_645;1353940;8886460.444444444;0.19973333333333335;1353761;8116398.668300001;0.42365123977619235;3624;1.0
Goal_646;1353940;8886460.444444444;0.24966666666666668;1353940;9035705.240799997;0.404582821451053;3629;1.0
Goal_647;1353940;8886460.444444444;0.29960000000000003;1353940;8886464.668400005;0.4326935383417598;3658;1.0
Goal_648;1353940;8886460.444444444;0.34953333333333336;1353941;8886480.894200003;0.42647172066645744;3642;1.0
Goal_649;1353940;8886460.444444444;0.3994666666666667;1285748;3977213.3737000013;0.4712233025183128;3659;1.0
Goal_650;1353940;8886460.444444444;0.4494;1355717;2662834.8036999996;0.4614178919602171;3694;1.0
Goal_651;1353940;1.1108075555555556E7;0.0;1265513;9499196.480600005;0.40810429380725893;3626;0.9936335289485752
Goal_652;1353940;1.1108075555555556E7;0.049933333333333337;1353940;1.1008482549300002E7;0.4064676963053475;3632;1.0
Goal_653;1353940;1.1108075555555556E7;0.09986666666666667;1122837;1.0352259459800003E7;0.4798113183441929;3632;1.0
Goal_654;1353940;1.1108075555555556E7;0.14980000000000002;1353940;1.1882743897600004E7;0.3158320901735409;3663;1.0
Goal_655;1353940;1.1108075555555556E7;0.19973333333333335;1353940;1.1108063167399991E7;0.35413597258693064;3633;1.0
Goal_656;1353940;1.1108075555555556E7;0.24966666666666668;1359850;1.1108497292099992E7;0.40758066130377557;3642;1.0
Goal_657;1353940;1.1108075555555556E7;0.29960000000000003;1353940;1.1131015759600012E7;0.38312541654718113;3641;1.0
Goal_659;1353940;1.1108075555555556E7;0.3994666666666667;1252739;2450450.6455000006;0.48462346142033164;3647;1.0
Goal_660;1353940;1.1108075555555556E7;0.4494;1353943;4955313.450100001;0.4529225177214416;3629;1.0
Goal_661;1353940;1.3329690666666666E7;0.0;1415139;1.2259345757799994E7;0.3404788655731688;3626;0.9882461413162509
Goal_663;1353940;1.3329690666666666E7;0.09986666666666667;1353940;1.3329696101399995E7;0.37788315167104797;3628;1.0
Goal_664;1353940;1.3329690666666666E7;0.14980000000000002;1353940;1.3329539769900003E7;0.3205960370396291;3660;1.0
Goal_665;1353940;1.3329690666666666E7;0.19973333333333335;1353940;1.3351181702999989E7;0.4405364443958203;3624;1.0
Goal_666;1353940;1.3329690666666666E7;0.24966666666666668;1353940;1.334582699370001E7;0.4060831827223471;3641;1.0
Goal_667;1353940;1.3329690666666666E7;0.29960000000000003;1103149;1.1394696578499997E7;0.4834437096325676;3655;1.0
Goal_668;1353940;1.3329690666666666E7;0.34953333333333336;1264003;1.3737178911899995E7;0.46471820344699927;3656;1.0
Goal_669;1353940;1.3329690666666666E7;0.3994666666666667;1353940;8832784.004399998;0.44610907021755725;3641;1.0
Goal_670;1353940;1.3329690666666666E7;0.4494;1353943;1511357.2563000002;0.4490261223624141;1911;0.0
Goal_671;1353940;1.5551305777777776E7;0.0;1395510;1.39778363799E7;0.2563098936608802;3634;0.9792589832395786
Goal_672;1353940;1.5551305777777776E7;0.049933333333333337;1353940;1.5554325456899982E7;0.4163761588592561;3632;1.0
Goal_673;1353940;1.5551305777777776E7;0.09986666666666667;1353940;1.5547626661800003E7;0.4088190732526582;3638;1.0
Goal_674;1353940;1.5551305777777776E7;0.14980000000000002;1353940;1.6022127875100011E7;0.4034307190229304;3636;1.0
Goal_675;1353940;1.5551305777777776E7;0.19973333333333335;1360509;1.555126217010001E7;0.39134654249723494;3642;1.0
Goal_676;1353940;1.5551305777777776E7;0.24966666666666668;1353940;1.5551300554500006E7;0.3464152283899989;3632;1.0
Goal_677;1353940;1.5551305777777776E7;0.29960000000000003;1331280;6526200.798799998;0.46584352696458176;3658;1.0
Goal_678;1353940;1.5551305777777776E7;0.34953333333333336;1206697;7399574.1439999975;0.47927547647940066;3640;1.0
Goal_679;1353940;1.5551305777777776E7;0.3994666666666667;1251048;2742606.564900002;0.4794539625951259;3645;1.0
Goal_680;1353940;1.5551305777777776E7;0.4494;1323350;2400833.6508;0.45302758054043546;3651;1.0
Goal_681;1353940;1.7772920888888888E7;0.0;1400848;1.4935456969199995E7;0.29136809905695615;3628;0.9839499354882508
Goal_682;1353940;1.7772920888888888E7;0.049933333333333337;1353940;1.777298860260001E7;0.33466360387308386;3626;1.0
Goal_683;1353940;1.7772920888888888E7;0.09986666666666667;1363044;1.7965975154999994E7;0.36414750039190547;3624;1.0
Goal_684;1353940;1.7772920888888888E7;0.14980000000000002;1354063;1.777720762130001E7;0.3220423947296485;3633;1.0
Goal_685;1353940;1.7772920888888888E7;0.19973333333333335;1353940;1.77727371316E7;0.4408666012721434;3635;1.0
Goal_686;1353940;1.7772920888888888E7;0.24966666666666668;1353940;1.477695877500001E7;0.3587349528941267;3641;1.0
Goal_687;1353940;1.7772920888888888E7;0.29960000000000003;1173453;5517659.628999999;0.4701968558440336;3648;1.0
Goal_688;1353940;1.7772920888888888E7;0.34953333333333336;1237578;1.6833685341899995E7;0.4625962919655707;3651;1.0
Goal_689;1353940;1.7772920888888888E7;0.3994666666666667;1251048;2742606.564900002;0.4794539625951259;3631;1.0
Goal_691;1353940;1.9994536E7;0.0;1429905;1.3553171932400001E7;0.3046322844072945;3637;0.9853171511381237
Goal_692;1353940;1.9994536E7;0.049933333333333337;1424801;1.767783764789998E7;0.27356894368906354;3632;1.0
Goal_693;1353940;1.9994536E7;0.09986666666666667;1372375;1.9977080480599996E7;0.26765524878510566;3635;1.0
Goal_694;1353940;1.9994536E7;0.14980000000000002;1353940;1.999451059400001E7;0.27511009997117597;3630;1.0
Goal_695;1353940;1.9994536E7;0.19973333333333335;1353958;1.9214395479199994E7;0.244261331192007;3623;1.0
Goal_696;1353940;1.9994536E7;0.24966666666666668;1354132;1.4365238586900001E7;0.4459093573548566;3641;1.0
Goal_697;1353940;1.9994536E7;0.29960000000000003;1286952;6557086.641600002;0.480481030794257;3649;1.0
Goal_698;1353940;1.9994536E7;0.34953333333333336;1084849;1.3319394625099998E7;0.49205432051269304;3659;1.0
Goal_699;1353940;1.9994536E7;0.3994666666666667;1251048;2742606.564900002;0.4794539625951259;3642;1.0
Goal_700;1353940;1.9994536E7;0.4494;1340735;4313325.5464;0.4599191124042031;3677;1.0
Goal_701;1289888;0.0;0.0;1298156;6416814.664099997;0.36748361342106695;3639;0.9780933252415149
Goal_702;1289888;0.0;0.049933333333333337;833333;804830.6414000002;0.2109947952657435;3634;0.988672554864287
Goal_703;1289888;0.0;0.09986666666666667;1289888;530036.9264000001;0.4087257612559418;3624;0.9893184094933138
Goal_704;1289888;0.0;0.14980000000000002;1289888;638037.9119;0.42942112041975955;3631;0.9947561999908594
Goal_705;1289888;0.0;0.19973333333333335;1289889;69751.7463;0.44534817082342826;3644;0.9993074664316767
Goal_706;1289888;0.0;0.24966666666666668;630083;3696280.6574000013;0.27489813353454967;3671;1.0
Goal_707;1289888;0.0;0.29960000000000003;1290030;21537.1721;0.4316720260841229;3640;1.0
Goal_708;1289888;0.0;0.34953333333333336;1141465;631841.0275999997;0.3495626109637514;3657;1.0
Goal_709;1289888;0.0;0.3994666666666667;1289888;17522.733500000002;0.3994663509330937;3642;1.0
Goal_710;1289888;0.0;0.4494;727819;4444818.6899999995;0.4394137828596169;3652;1.0
Goal_711;1289888;2221615.111111111;0.0;1203950;1810417.6617;0.4280086284383796;3634;0.9944150028119048
Goal_712;1289888;2221615.111111111;0.049933333333333337;1085669;2339993.4558999985;0.4840892634010127;3633;1.0
Goal_713;1289888;2221615.111111111;0.09986666666666667;1039347;2314099.875899999;0.46564081230622334;3632;1.0
Goal_715;1289888;2221615.111111111;0.19973333333333335;999540;1477805.5271;0.49093714343977185;3692;1.0
Goal_716;1289888;2221615.111111111;0.24966666666666668;1289888;1841664.9852000002;0.446237551241624;3680;1.0
Goal_717;1289888;2221615.111111111;0.29960000000000003;1012134;1890108.2837000005;0.4800779924104205;3651;1.0
Goal_719;1289888;2221615.111111111;0.3994666666666667;1171757;6295237.767999999;0.44446358967122496;3662;1.0
Goal_721;1289888;4443230.222222222;0.0;1289888;7527379.849700002;0.35672368162632406;3627;0.9919658474656544
Goal_722;1289888;4443230.222222222;0.049933333333333337;1289888;6447451.6093000015;0.33299163457499936;3629;1.0
Goal_723;1289888;4443230.222222222;0.09986666666666667;1249441;4081290.6251999973;0.4795275410435297;3625;1.0
Goal_725;1289888;4443230.222222222;0.19973333333333335;1289888;1166193.4511;0.4480397498997048;3637;1.0
Goal_726;1289888;4443230.222222222;0.24966666666666668;1289888;2532104.7817999986;0.4315635042666188;3656;1.0
Goal_727;1289888;4443230.222222222;0.29960000000000003;1091429;3471683.849600001;0.47409110824173517;3627;1.0
Goal_728;1289888;4443230.222222222;0.34953333333333336;966760;3923671.7807;0.4476911759698994;3679;1.0
Goal_729;1289888;4443230.222222222;0.3994666666666667;1289888;4890684.8979;0.48569737817764314;3625;1.0
Goal_730;1289888;4443230.222222222;0.4494;1289888;2744500.9097999996;0.45544457856774034;3646;1.0
Goal_731;1289888;6664845.333333333;0.0;1289888;7245610.6049;0.3780326226843542;3635;0.9929175375880698
Goal_732;1289888;6664845.333333333;0.049933333333333337;1289888;7448358.241600008;0.3010891995258546;3627;1.0
Goal_733;1289888;6664845.333333333;0.09986666666666667;1289888;8580541.818200003;0.3192819195000761;3628;1.0
Goal_734;1289888;6664845.333333333;0.14980000000000002;999461;5567111.536300002;0.46966460707994007;3646;1.0
Goal_735;1289888;6664845.333333333;0.19973333333333335;1022345;3370011.5817;0.4779969226108912;3631;1.0
Goal_736;1289888;6664845.333333333;0.24966666666666668;1289888;8579249.7658;0.36483756946103;3649;1.0
Goal_738;1289888;6664845.333333333;0.34953333333333336;1303356;7447291.1032;0.41546265001053223;3638;1.0
Goal_740;1289888;6664845.333333333;0.4494;1291313;3349348.8173999987;0.45078701350542066;3686;1.0
Goal_741;1289888;8886460.444444444;0.0;1355346;9053979.388100006;0.3744901689558448;3648;0.9918419442716337
Goal_742;1289888;8886460.444444444;0.049933333333333337;1289888;1.25990406996E7;0.34376004114886116;3636;1.0
Goal_743;1289888;8886460.444444444;0.09986666666666667;1289888;9830414.145499995;0.3865444454628475;3637;1.0
Goal_744;1289888;8886460.444444444;0.14980000000000002;1289888;9486481.92059999;0.39295729291343584;3633;1.0
Goal_745;1289888;8886460.444444444;0.19973333333333335;1295565;8886537.374599997;0.35049967155488987;3626;1.0
Goal_746;1289888;8886460.444444444;0.24966666666666668;1289888;9018604.4595;0.3438741119510428;3641;1.0
Goal_747;1289888;8886460.444444444;0.29960000000000003;1289888;9182036.163899997;0.4514792405695699;3659;1.0
Goal_748;1289888;8886460.444444444;0.34953333333333336;1289888;8886458.511799999;0.37636443022307137;3644;1.0
Goal_749;1289888;8886460.444444444;0.3994666666666667;1289888;7026836.989200002;0.45458666236151846;3641;1.0
Goal_750;1289888;8886460.444444444;0.4494;1293361;2646685.1075;0.45126736934139766;3690;1.0
Goal_751;1289888;1.1108075555555556E7;0.0;1350988;1.0561906486799998E7;0.36692007601677423;3649;0.9914661278613925
Goal_752;1289888;1.1108075555555556E7;0.049933333333333337;1059346;5716753.513899996;0.47368167088581303;3636;1.0
Goal_753;1289888;1.1108075555555556E7;0.09986666666666667;1289888;1.3072765567700008E7;0.3349778018398416;3624;1.0
Goal_754;1289888;1.1108075555555556E7;0.14980000000000002;1289888;1.1085060989900012E7;0.37029240604067615;3631;1.0
Goal_755;1289888;1.1108075555555556E7;0.19973333333333335;1317215;1.16693855892E7;0.37534563398562604;3632;1.0
Goal_756;1289888;1.1108075555555556E7;0.24966666666666668;1289888;1.1108056198400002E7;0.3524004927056539;3665;1.0
Goal_757;1289888;1.1108075555555556E7;0.29960000000000003;978749;9173171.315100005;0.4845713485237176;3706;1.0
Goal_759;1289888;1.1108075555555556E7;0.3994666666666667;1290452;8674489.395000001;0.4870961361730044;3656;1.0
Goal_760;1289888;1.1108075555555556E7;0.4494;1295298;2647141.189999999;0.45483464158410125;3653;1.0
Goal_761;1289888;1.3329690666666666E7;0.0;1289888;1.2415273191699993E7;0.33351258048312427;3638;0.989670714794922
Goal_762;1289888;1.3329690666666666E7;0.049933333333333337;1289888;1.3433775542099997E7;0.41183667358788467;3637;1.0
Goal_763;1289888;1.3329690666666666E7;0.09986666666666667;1289888;1.3329751397500006E7;0.33444471433985024;3631;1.0
Goal_764;1289888;1.3329690666666666E7;0.14980000000000002;1289888;1.3329683791800007E7;0.33748588430193494;3641;1.0
Goal_765;1289888;1.3329690666666666E7;0.19973333333333335;1289888;1.3329588399699995E7;0.35317598761017205;3627;1.0
Goal_766;1289888;1.3329690666666666E7;0.24966666666666668;1289888;1.343300757260002E7;0.3200966758338585;3625;1.0
Goal_768;1289888;1.3329690666666666E7;0.34953333333333336;1113454;1.0425555429900007E7;0.4722496296409018;3661;1.0
Goal_769;1289888;1.3329690666666666E7;0.3994666666666667;1286685;3603177.2393999984;0.4684100472578377;3710;1.0
Goal_770;1289888;1.3329690666666666E7;0.4494;1289888;2963251.629;0.45298157090388713;3644;1.0
Goal_771;1289888;1.5551305777777776E7;0.0;1289888;1.4776083893999988E7;0.32781743348238324;3627;0.9893061709555441
Goal_772;1289888;1.5551305777777776E7;0.049933333333333337;1326752;1.5160097295699997E7;0.3319964174952279;3628;1.0
Goal_773;1289888;1.5551305777777776E7;0.09986666666666667;1299001;1.5312724166300006E7;0.3646431835716505;3651;1.0
Goal_774;1289888;1.5551305777777776E7;0.14980000000000002;1289888;1.5551243630199973E7;0.2887000361637339;3663;1.0
Goal_775;1289888;1.5551305777777776E7;0.19973333333333335;1289888;1.5551347788500011E7;0.2743574779083821;3669;1.0
Goal_776;1289888;1.5551305777777776E7;0.24966666666666668;1289888;1.5551282100799985E7;0.2968723530326854;3646;1.0
Goal_777;1289888;1.5551305777777776E7;0.29960000000000003;1105031;2072616.1466000006;0.4629720151381302;3727;1.0
Goal_781;1289888;1.7772920888888888E7;0.0;1410064;1.7309836742999982E7;0.3015414134169902;3654;0.9873614072094824
Goal_782;1289888;1.7772920888888888E7;0.049933333333333337;1289888;1.777291851030001E7;0.33970690955503713;3625;1.0
Goal_783;1289888;1.7772920888888888E7;0.09986666666666667;1289888;1.2091334038799984E7;0.45590058134695155;3631;1.0
Goal_784;1289888;1.7772920888888888E7;0.14980000000000002;1303592;1.4940458453500004E7;0.4336983579780715;3647;1.0
Goal_785;1289888;1.7772920888888888E7;0.19973333333333335;1289888;1.782631965129999E7;0.3564299014608468;3633;1.0
Goal_786;1289888;1.7772920888888888E7;0.24966666666666668;1420959;1.777290293389999E7;0.33218131184602406;3651;1.0
Goal_787;1289888;1.7772920888888888E7;0.29960000000000003;1144213;3490029.2764999988;0.4615672681347713;3682;1.0
Goal_788;1289888;1.7772920888888888E7;0.34953333333333336;978722;1.2333538845900003E7;0.48642147339925257;3638;1.0
Goal_789;1289888;1.7772920888888888E7;0.3994666666666667;1213229;4980732.617299997;0.4744285090078748;3636;1.0
Goal_791;1289888;1.9994536E7;0.0;1426772;1.5932886902099999E7;0.34175126636808906;3623;0.9901605147010709
Goal_792;1289888;1.9994536E7;0.049933333333333337;1289887;1.9994165635000013E7;0.28386187582955397;3632;1.0
Goal_793;1289888;1.9994536E7;0.09986666666666667;1289888;1.955445117900002E7;0.33585027792149835;3630;1.0
Goal_794;1289888;1.9994536E7;0.14980000000000002;1058818;1.3518003287399998E7;0.47049532156495966;3682;1.0
Goal_795;1289888;1.9994536E7;0.19973333333333335;1289950;1.99972047719E7;0.3513715172591532;3630;1.0
Goal_796;1289888;1.9994536E7;0.24966666666666668;1334194;1.775894490769999E7;0.29425023878547973;3649;1.0
Goal_797;1289888;1.9994536E7;0.29960000000000003;1105031;2072616.1466000006;0.4629720151381302;3714;1.0
Goal_798;1289888;1.9994536E7;0.34953333333333336;1018862;8055982.931299998;0.4586886193946381;3666;1.0
Goal_799;1289888;1.9994536E7;0.3994666666666667;1208042;5939725.186600002;0.4769247068028913;3637;1.0
Goal_800;1289888;1.9994536E7;0.4494;1287239;3008590.2832999993;0.45291045597491614;3671;1.0
Goal_801;1225836;0.0;0.0;735878;523155.3307000002;0.18723681591236407;3639;0.9824613350224216
Goal_802;1225836;0.0;0.049933333333333337;1232278;6612779.3841;0.358520773021157;3639;0.989227700032355
Goal_803;1225836;0.0;0.09986666666666667;1224124;619745.9077000001;0.4019730164498157;3633;0.993528515023689
Goal_804;1225836;0.0;0.14980000000000002;1225836;21970.1316;0.4198243664363084;3650;0.9971001045252443
Goal_805;1225836;0.0;0.19973333333333335;795084;685213.0070999999;0.21257024973217903;3624;1.0
Goal_806;1225836;0.0;0.24966666666666668;1226086;10582.127199999999;0.38465827038333117;3652;1.0
Goal_807;1225836;0.0;0.29960000000000003;563456;1168736.2859000002;0.2996871346859443;3663;1.0
Goal_808;1225836;0.0;0.34953333333333336;1225837;949386.2563999997;0.3523229045902051;3636;1.0
Goal_809;1225836;0.0;0.3994666666666667;1226767;0.0;0.4413432214394933;3650;1.0
Goal_810;1225836;0.0;0.4494;1225972;0.0;0.4416080123550564;148;0.0
Goal_811;1225836;2221615.111111111;0.0;1169472;1759654.001000001;0.42688958721968295;3630;0.9945124661820315
Goal_812;1225836;2221615.111111111;0.049933333333333337;921463;2303906.6629999992;0.4605879443705443;3629;1.0
Goal_814;1225836;2221615.111111111;0.14980000000000002;923799;1846742.8384000002;0.45491404688239495;3630;1.0
Goal_815;1225836;2221615.111111111;0.19973333333333335;1027761;2542472.498200001;0.4666400659849231;3620;1.0
Goal_816;1225836;2221615.111111111;0.24966666666666668;1225508;1323779.8579999993;0.42285092389259354;3637;1.0
Goal_817;1225836;2221615.111111111;0.29960000000000003;1225836;1282786.8048999994;0.4612897557213423;3654;1.0
Goal_818;1225836;2221615.111111111;0.34953333333333336;1225837;1121090.9215000002;0.4191151561415305;3752;1.0
Goal_819;1225836;2221615.111111111;0.3994666666666667;1228435;361607.2945;0.45430456870975816;3631;1.0
Goal_820;1225836;2221615.111111111;0.4494;1225838;456352.0282;0.4531542551459343;3639;1.0
Goal_821;1225836;4443230.222222222;0.0;1225836;5726948.261400006;0.3962883501932016;3640;0.994176541913834
Goal_822;1225836;4443230.222222222;0.049933333333333337;1225836;1322912.091;0.4608009103920652;3633;1.0
Goal_823;1225836;4443230.222222222;0.09986666666666667;1225836;7013682.380499996;0.3112239533887294;3625;1.0
Goal_824;1225836;4443230.222222222;0.14980000000000002;1225836;2516432.0827000015;0.3851805994882517;3626;1.0
Goal_825;1225836;4443230.222222222;0.19973333333333335;1225929;1528687.8307;0.455685705079434;3624;1.0
Goal_826;1225836;4443230.222222222;0.24966666666666668;976843;3841215.593499999;0.48576243261524127;3644;1.0
Goal_827;1225836;4443230.222222222;0.29960000000000003;1225972;4443232.492900002;0.4439254988541549;3637;1.0
Goal_828;1225836;4443230.222222222;0.34953333333333336;1227145;2572993.2915999996;0.4522171040059687;3640;1.0
Goal_829;1225836;4443230.222222222;0.3994666666666667;1225836;2652378.8404000006;0.4424286385205828;3630;1.0
Goal_830;1225836;4443230.222222222;0.4494;1227000;2657190.1768;0.44619332483779495;106;0.0
Goal_831;1225836;6664845.333333333;0.0;1225836;7015845.579699997;0.3957534476511956;3634;0.9936591504382436
Goal_832;1225836;6664845.333333333;0.049933333333333337;1225836;6352009.254799994;0.44956073031079546;3651;1.0
Goal_833;1225836;6664845.333333333;0.09986666666666667;1225836;9600681.798999999;0.2792792457433072;3635;1.0
Goal_834;1225836;6664845.333333333;0.14980000000000002;1225836;6838742.538799998;0.3503107847296126;3638;1.0
Goal_835;1225836;6664845.333333333;0.19973333333333335;1260752;7549943.156799991;0.3857337216098208;3649;1.0
Goal_836;1225836;6664845.333333333;0.24966666666666668;1225836;699689.9770000003;0.4341279862693899;3700;1.0
Goal_837;1225836;6664845.333333333;0.29960000000000003;1225836;6773070.694200006;0.40490573250763123;3631;1.0
Goal_838;1225836;6664845.333333333;0.34953333333333336;1225836;2921439.0073;0.4443751889582211;3639;1.0
Goal_839;1225836;6664845.333333333;0.3994666666666667;1225836;3557728.6600999995;0.4371552205378431;3627;1.0
Goal_840;1225836;6664845.333333333;0.4494;1227000;2657190.1768;0.44619332483779495;91;0.0
Goal_841;1225836;8886460.444444444;0.0;1225836;8251923.992900003;0.39194566959495747;3632;0.9929927160974459
Goal_842;1225836;8886460.444444444;0.049933333333333337;1225836;8898372.407999994;0.3996766667238127;3647;1.0
Goal_843;1225836;8886460.444444444;0.09986666666666667;1234674;9409494.3724;0.38549359059400296;3639;1.0
Goal_844;1225836;8886460.444444444;0.14980000000000002;1225836;1.0827820969599994E7;0.3635454862846519;3626;1.0
Goal_845;1225836;8886460.444444444;0.19973333333333335;1225836;8966252.40829999;0.31509491327239963;3630;1.0
Goal_846;1225836;8886460.444444444;0.24966666666666668;1225836;1610339.6488999992;0.4174333409924061;3630;1.0
Goal_847;1225836;8886460.444444444;0.29960000000000003;1225836;1388504.634;0.45006525264859404;3638;1.0
Goal_848;1225836;8886460.444444444;0.34953333333333336;1225836;2837523.7676;0.4426506608009132;3621;1.0
Goal_849;1225836;8886460.444444444;0.3994666666666667;1225836;2786315.8070000014;0.43860043806026455;3626;1.0
Goal_850;1225836;8886460.444444444;0.4494;1227000;2657190.1768;0.44619332483779495;125;0.0
Goal_851;1225836;1.1108075555555556E7;0.0;1237125;1.0047397826700004E7;0.3786917581504547;3653;0.9916776216223108
Goal_852;1225836;1.1108075555555556E7;0.049933333333333337;1258258;1.1112775905100008E7;0.40381996479418597;3628;1.0
Goal_853;1225836;1.1108075555555556E7;0.09986666666666667;1225836;1.1074622018899998E7;0.3711268560762716;3622;1.0
Goal_854;1225836;1.1108075555555556E7;0.14980000000000002;1225836;1.1108075355899999E7;0.3714288332300244;3624;1.0
Goal_855;1225836;1.1108075555555556E7;0.19973333333333335;1225836;1.1619498222400011E7;0.35690801729014315;3642;1.0
Goal_856;1225836;1.1108075555555556E7;0.24966666666666668;1225836;1.1108074772500003E7;0.37390275967879016;3646;1.0
Goal_857;1225836;1.1108075555555556E7;0.29960000000000003;1225836;2050024.6524000003;0.4486998447959762;3663;1.0
Goal_858;1225836;1.1108075555555556E7;0.34953333333333336;1232603;2611470.2781999996;0.4534326916955096;3754;1.0
Goal_859;1225836;1.1108075555555556E7;0.3994666666666667;1225836;2673947.7304000007;0.4376991498238986;3632;1.0
Goal_860;1225836;1.1108075555555556E7;0.4494;1227000;2657190.1768;0.44619332483779495;127;0.0
Goal_861;1225836;1.3329690666666666E7;0.0;1363251;1.1986861790399997E7;0.37439739293457514;3633;0.991254348515415
Goal_862;1225836;1.3329690666666666E7;0.049933333333333337;1367898;1.3176222800200002E7;0.32661597056140784;3663;1.0
Goal_863;1225836;1.3329690666666666E7;0.09986666666666667;1225836;1.0330800518999996E7;0.4342276320641176;3665;1.0
Goal_864;1225836;1.3329690666666666E7;0.14980000000000002;1260423;1.1480746077500023E7;0.35335737956147306;3643;1.0
Goal_865;1225836;1.3329690666666666E7;0.19973333333333335;1225836;1.2475830370399991E7;0.3492394979297957;3660;1.0
Goal_866;1225836;1.3329690666666666E7;0.24966666666666668;1281645;1.3326990924700001E7;0.31161451385388517;3648;1.0
Goal_867;1225836;1.3329690666666666E7;0.29960000000000003;1225836;1.3329687217499997E7;0.34692172324913695;3640;1.0
Goal_868;1225836;1.3329690666666666E7;0.34953333333333336;1233920;2534973.2141;0.45302186419213275;3636;1.0
Goal_869;1225836;1.3329690666666666E7;0.3994666666666667;1225836;2973048.7343999995;0.4373965464622646;3629;1.0
Goal_870;1225836;1.3329690666666666E7;0.4494;1227000;2657190.1768;0.44619332483779495;104;0.0
Goal_871;1225836;1.5551305777777776E7;0.0;1452246;1.5533367046599992E7;0.3027557566766611;3633;0.9896402735173498
Goal_872;1225836;1.5551305777777776E7;0.049933333333333337;1413890;1.5660457860200023E7;0.35574489866648107;3636;1.0
Goal_873;1225836;1.5551305777777776E7;0.09986666666666667;1225836;1.5551436511800013E7;0.2757652667217995;3629;1.0
Goal_874;1225836;1.5551305777777776E7;0.14980000000000002;1226513;3405338.0794999986;0.3681946485937568;3620;1.0
Goal_875;1225836;1.5551305777777776E7;0.19973333333333335;1002103;3724342.5355999996;0.48432357224514194;3643;1.0
Goal_876;1225836;1.5551305777777776E7;0.24966666666666668;906171;3361503.4670000006;0.4889733957429945;3642;1.0
Goal_877;1225836;1.5551305777777776E7;0.29960000000000003;1225836;1.5551305756500004E7;0.3325730398110558;3624;1.0
Goal_878;1225836;1.5551305777777776E7;0.34953333333333336;1228526;2607190.6670999993;0.44751494559994537;3659;1.0
Goal_879;1225836;1.5551305777777776E7;0.3994666666666667;1225836;2973048.7343999995;0.4373965464622646;3628;1.0
Goal_880;1225836;1.5551305777777776E7;0.4494;1227000;2657190.1768;0.44619332483779495;108;0.0
Goal_882;1225836;1.7772920888888888E7;0.049933333333333337;1225836;8439358.303000005;0.41320179499479187;3656;1.0
Goal_883;1225836;1.7772920888888888E7;0.09986666666666667;1247565;1.3957515595999999E7;0.31131123238756603;3646;1.0
Goal_884;1225836;1.7772920888888888E7;0.14980000000000002;1252553;1.450838539660002E7;0.24800283042063956;3642;1.0
Goal_885;1225836;1.7772920888888888E7;0.19973333333333335;1225836;1.53403637294E7;0.4543825199136608;3657;1.0
Goal_886;1225836;1.7772920888888888E7;0.24966666666666668;1225836;1.7450720064800017E7;0.28240622431024515;3649;1.0
Goal_887;1225836;1.7772920888888888E7;0.29960000000000003;1225836;840556.9837999999;0.4500816370725243;3634;1.0
Goal_888;1225836;1.7772920888888888E7;0.34953333333333336;1229119;2744231.4864000003;0.4465946629347593;3637;1.0
Goal_889;1225836;1.7772920888888888E7;0.3994666666666667;1225836;3009861.151400001;0.4365757835601634;3649;1.0
Goal_890;1225836;1.7772920888888888E7;0.4494;1227000;2657190.1768;0.44619332483779495;104;0.0
Goal_891;1225836;1.9994536E7;0.0;1286503;1.7154215931899983E7;0.37890766028607464;3632;0.9930011103337675
Goal_892;1225836;1.9994536E7;0.049933333333333337;1225836;1.5423034353299987E7;0.3163855164335839;3630;1.0
Goal_893;1225836;1.9994536E7;0.09986666666666667;1243493;1.345630264950001E7;0.3115718015302962;3648;1.0
Goal_894;1225836;1.9994536E7;0.14980000000000002;1225836;1.8387636567899983E7;0.25435672055609737;3646;1.0
Goal_895;1225836;1.9994536E7;0.19973333333333335;1014243;5056116.644000001;0.46315522192879294;3645;1.0
Goal_896;1225836;1.9994536E7;0.24966666666666668;1227167;1330850.2647000002;0.4545624166547443;3637;1.0
Goal_897;1225836;1.9994536E7;0.29960000000000003;1225836;1.9081437557399977E7;0.3926865859502755;3645;1.0
Goal_898;1225836;1.9994536E7;0.34953333333333336;1229119;2744231.4864000003;0.4465946629347593;3640;1.0
Goal_899;1225836;1.9994536E7;0.3994666666666667;1225836;3009861.151400001;0.4365757835601634;3663;1.0
Goal_900;1225836;1.9994536E7;0.4494;1227000;2657190.1768;0.44619332483779495;137;0.0
Goal_901;1161785;0.0;0.0;1160761;181569.98299999995;0.4449542649791779;3629;0.9863970943219206
Goal_902;1161785;0.0;0.049933333333333337;1179872;778780.3902999995;0.4170345555815116;3624;0.990451389348447
Goal_903;1161785;0.0;0.09986666666666667;1162098;769028.9599999997;0.3510928468943645;3630;0.9929081291028891
Goal_904;1161785;0.0;0.14980000000000002;1161785;17727.4732;0.4307686012322285;3634;0.9984094415224564
Goal_905;1161785;0.0;0.19973333333333335;1152212;472205.01350000006;0.3281103693950055;3617;1.0
Goal_906;1161785;0.0;0.24966666666666668;1139281;594927.2559;0.3167478373169038;3623;1.0
Goal_907;1161785;0.0;0.29960000000000003;1115061;257148.84769999987;0.29995863183875443;3645;1.0
Goal_908;1161785;0.0;0.34953333333333336;1162512;185734.41300000003;0.40330380026033014;3627;1.0
Goal_909;1161785;0.0;0.3994666666666667;1162512;176429.20180000007;0.4033322259908211;3629;1.0
Goal_910;1161785;0.0;0.4494;1162512;0.0;0.4107255136284224;159;0.0
Goal_911;1161785;2221615.111111111;0.0;1170371;841546.0338999993;0.4423226409774918;3616;0.9944797896077694
Goal_912;1161785;2221615.111111111;0.049933333333333337;990174;2221612.6174999992;0.4599793436157754;3627;1.0
Goal_913;1161785;2221615.111111111;0.09986666666666667;978359;2085784.2043999995;0.44904832536998873;3624;1.0
Goal_914;1161785;2221615.111111111;0.14980000000000002;1091895;896756.1835;0.4461987181185355;3642;1.0
Goal_915;1161785;2221615.111111111;0.19973333333333335;1161785;1011331.3505000001;0.4216238491458372;3628;1.0
Goal_916;1161785;2221615.111111111;0.24966666666666668;1161787;1425253.9025000008;0.44904256724768876;3646;1.0
Goal_917;1161785;2221615.111111111;0.29960000000000003;1156278;2676332.4970000004;0.3559462794258124;3642;1.0
Goal_918;1161785;2221615.111111111;0.34953333333333336;1161785;262698.80710000003;0.4107368002027752;3658;1.0
Goal_919;1161785;2221615.111111111;0.3994666666666667;1161785;262698.80710000003;0.4107368002027752;3654;1.0
Goal_920;1161785;2221615.111111111;0.4494;1161785;246349.7661;0.4111054249449334;96;0.0
Goal_921;1161785;4443230.222222222;0.0;1208477;4444229.813900001;0.4105158729397187;3627;0.9942092989292206
Goal_922;1161785;4443230.222222222;0.049933333333333337;1161785;2883018.773;0.47485082676559615;3634;1.0
Goal_923;1161785;4443230.222222222;0.09986666666666667;1161785;4990995.223000002;0.39950773999885264;3602;1.0
Goal_924;1161785;4443230.222222222;0.14980000000000002;1161785;1607840.6235;0.37260237463463525;3630;1.0
Goal_925;1161785;4443230.222222222;0.19973333333333335;1161785;2431585.4895;0.3346025614087991;3649;1.0
Goal_926;1161785;4443230.222222222;0.24966666666666668;1195474;918889.4306999997;0.4450489976714167;3650;1.0
Goal_927;1161785;4443230.222222222;0.29960000000000003;1160780;3144044.8273999994;0.37936697151708215;3642;1.0
Goal_928;1161785;4443230.222222222;0.34953333333333336;1161785;262698.80710000003;0.4107368002027752;3655;1.0
Goal_929;1161785;4443230.222222222;0.3994666666666667;1161785;262698.80710000003;0.4107368002027752;3682;1.0
Goal_930;1161785;4443230.222222222;0.4494;1161785;246349.7661;0.4111054249449334;132;0.0
Goal_931;1161785;6664845.333333333;0.0;1082286;5903948.425199999;0.4196668714677095;3643;0.9959428457058742
Goal_933;1161785;6664845.333333333;0.09986666666666667;1129928;4366686.311900001;0.48619053738458323;3680;1.0
Goal_934;1161785;6664845.333333333;0.14980000000000002;1161784;2729728.5373;0.35296821184256727;3635;1.0
Goal_935;1161785;6664845.333333333;0.19973333333333335;998502;4391387.069699998;0.4587990146766773;3667;1.0
Goal_936;1161785;6664845.333333333;0.24966666666666668;1161891;1326571.6376999996;0.4697354106167117;3656;1.0
Goal_937;1161785;6664845.333333333;0.29960000000000003;1157671;2479798.8778999997;0.38334934128930237;3684;1.0
Goal_938;1161785;6664845.333333333;0.34953333333333336;1161785;262698.80710000003;0.4107368002027752;3648;1.0
Goal_939;1161785;6664845.333333333;0.3994666666666667;1161785;262698.80710000003;0.4107368002027752;3662;1.0
Goal_940;1161785;6664845.333333333;0.4494;1161785;246349.7661;0.4111054249449334;134;0.0
Goal_941;1161785;8886460.444444444;0.0;1207246;8168813.327899997;0.3825331055991112;3634;0.993043655552958
Goal_942;1161785;8886460.444444444;0.049933333333333337;1161785;8308495.263900007;0.4042155943729957;3682;1.0
Goal_943;1161785;8886460.444444444;0.09986666666666667;1295457;9271801.5359;0.3200637157330914;3756;1.0
Goal_944;1161785;8886460.444444444;0.14980000000000002;1161803;2338364.0882999995;0.36329467611921756;3653;1.0
Goal_945;1161785;8886460.444444444;0.19973333333333335;1233531;8758712.771399997;0.35518007859623085;3643;1.0
Goal_946;1161785;8886460.444444444;0.24966666666666668;828338;2305025.8741999995;0.4843716487009792;3645;1.0
Goal_947;1161785;8886460.444444444;0.29960000000000003;1154971;2581106.5510000014;0.33336555728627115;3627;1.0
Goal_948;1161785;8886460.444444444;0.34953333333333336;1161785;262698.80710000003;0.4107368002027752;3668;1.0
Goal_949;1161785;8886460.444444444;0.3994666666666667;1161785;262698.80710000003;0.4107368002027752;3679;1.0
Goal_950;1161785;8886460.444444444;0.4494;1161785;246349.7661;0.4111054249449334;114;0.0
Goal_951;1161785;1.1108075555555556E7;0.0;1316421;1.0050748256699994E7;0.3791074236820939;3636;0.9929173703001675
Goal_952;1161785;1.1108075555555556E7;0.049933333333333337;1225624;1.007674484190001E7;0.41767849958479925;3634;1.0
Goal_953;1161785;1.1108075555555556E7;0.09986666666666667;1215927;1.0878935840400012E7;0.4037579082216324;3637;1.0
Goal_954;1161785;1.1108075555555556E7;0.14980000000000002;1212620;1.1108169703100001E7;0.3140320915413078;3642;1.0
Goal_955;1161785;1.1108075555555556E7;0.19973333333333335;1161785;8926484.9948;0.36000821167965696;3637;1.0
Goal_956;1161785;1.1108075555555556E7;0.24966666666666668;861429;1765009.7912999995;0.46127565513524244;3644;1.0
Goal_957;1161785;1.1108075555555556E7;0.29960000000000003;1162719;1698577.6043999998;0.35715213551081243;3622;1.0
Goal_958;1161785;1.1108075555555556E7;0.34953333333333336;1161785;262698.80710000003;0.4107368002027752;3637;1.0
Goal_959;1161785;1.1108075555555556E7;0.3994666666666667;1161785;262698.80710000003;0.4107368002027752;3660;1.0
Goal_960;1161785;1.1108075555555556E7;0.4494;1161785;246349.7661;0.4111054249449334;108;0.0
Goal_961;1161785;1.3329690666666666E7;0.0;1318891;1.2545367173299989E7;0.37198055124315477;3625;0.992643374450485
Goal_962;1161785;1.3329690666666666E7;0.049933333333333337;1161785;1.3544373219599994E7;0.3137139163684859;3640;1.0
Goal_963;1161785;1.3329690666666666E7;0.09986666666666667;1161785;1.3360839847299987E7;0.3512609510550305;3638;1.0
Goal_964;1161785;1.3329690666666666E7;0.14980000000000002;1219516;1.3176879396400012E7;0.33062205656698723;3628;1.0
Goal_965;1161785;1.3329690666666666E7;0.19973333333333335;1269260;5383327.662700001;0.44510020614727536;3667;1.0
Goal_966;1161785;1.3329690666666666E7;0.24966666666666668;1056989;1348579.2947000004;0.37004330044303724;3628;1.0
Goal_967;1161785;1.3329690666666666E7;0.29960000000000003;1158723;1573199.5439;0.34626206948511673;3623;1.0
Goal_968;1161785;1.3329690666666666E7;0.34953333333333336;1161785;262698.80710000003;0.4107368002027752;3627;1.0
Goal_969;1161785;1.3329690666666666E7;0.3994666666666667;1161785;262698.80710000003;0.4107368002027752;3661;1.0
Goal_970;1161785;1.3329690666666666E7;0.4494;1161785;246349.7661;0.4111054249449334;128;0.0
Goal_971;1161785;1.5551305777777776E7;0.0;1233826;1.11605245134E7;0.3997016861242972;3641;0.9936284197681265
Goal_972;1161785;1.5551305777777776E7;0.049933333333333337;1196309;1.374810506099998E7;0.3184487953475727;3643;1.0
Goal_973;1161785;1.5551305777777776E7;0.09986666666666667;1182998;1.4090660460399998E7;0.37757445952453583;3648;1.0
Goal_974;1161785;1.5551305777777776E7;0.14980000000000002;1161785;1.5551215977400009E7;0.25209983345158304;3667;1.0
Goal_975;1161785;1.5551305777777776E7;0.19973333333333335;1174192;1.5551250877600007E7;0.43136316458981294;3650;1.0
Goal_976;1161785;1.5551305777777776E7;0.24966666666666668;1173369;1.3504160797100008E7;0.3851927005200311;3643;1.0
Goal_977;1161785;1.5551305777777776E7;0.29960000000000003;1148956;3396614.1004;0.34023850318651394;3622;1.0
Goal_978;1161785;1.5551305777777776E7;0.34953333333333336;1161785;262698.80710000003;0.4107368002027752;3670;1.0
Goal_979;1161785;1.5551305777777776E7;0.3994666666666667;1161785;262698.80710000003;0.4107368002027752;3661;1.0
Goal_980;1161785;1.5551305777777776E7;0.4494;1161785;246349.7661;0.4111054249449334;140;0.0
Goal_981;1161785;1.7772920888888888E7;0.0;1171594;1427958.5852999997;0.445609808246138;3631;0.9948736337470309
Goal_982;1161785;1.7772920888888888E7;0.049933333333333337;1161939;1.73946962725E7;0.3243298663193875;3602;1.0
Goal_983;1161785;1.7772920888888888E7;0.09986666666666667;1161785;1.1090955136800008E7;0.3721459873578971;3635;1.0
Goal_984;1161785;1.7772920888888888E7;0.14980000000000002;1161785;1806764.2517000006;0.3576983264929764;3636;1.0
Goal_985;1161785;1.7772920888888888E7;0.19973333333333335;1161785;1.7583104050400004E7;0.2929132807433794;3631;1.0
Goal_986;1161785;1.7772920888888888E7;0.24966666666666668;1102980;1798303.4500000004;0.38434080421909955;3620;1.0
Goal_987;1161785;1.7772920888888888E7;0.29960000000000003;1127873;2063177.4394000005;0.34691516255064264;3642;1.0
Goal_988;1161785;1.7772920888888888E7;0.34953333333333336;1161785;262698.80710000003;0.4107368002027752;3630;1.0
Goal_989;1161785;1.7772920888888888E7;0.3994666666666667;1161785;262698.80710000003;0.4107368002027752;3660;1.0
Goal_990;1161785;1.7772920888888888E7;0.4494;1161785;246349.7661;0.4111054249449334;167;0.0
Goal_991;1161785;1.9994536E7;0.0;1343038;1.3975987367000002E7;0.38296797449960795;3646;0.9930594450289757
Goal_992;1161785;1.9994536E7;0.049933333333333337;1161785;1.813605416149998E7;0.3752084520894814;3624;1.0
Goal_993;1161785;1.9994536E7;0.09986666666666667;1161785;1.1090955136800008E7;0.3721459873578971;3618;1.0
Goal_994;1161785;1.9994536E7;0.14980000000000002;1179042;1.9994706010699995E7;0.3283445848400209;3622;1.0
Goal_995;1161785;1.9994536E7;0.19973333333333335;1161785;1.8625055922199998E7;0.2982559658662883;3604;1.0
Goal_996;1161785;1.9994536E7;0.24966666666666668;772311;2625043.5703999996;0.461389051691641;3620;1.0
Goal_997;1161785;1.9994536E7;0.29960000000000003;1163015;1279745.3191000004;0.42362728838773356;3615;1.0
Goal_998;1161785;1.9994536E7;0.34953333333333336;1161785;262698.80710000003;0.4107368002027752;3609;1.0
Goal_999;1161785;1.9994536E7;0.3994666666666667;1161785;712646.1432;0.3994563913263871;3172;0.0
Goal_1000;1161785;1.9994536E7;0.4494;1161785;246349.7661;0.4111054249449334;136;0.0
